Date,Bitcoin_target_next_return
2017-12-08,0.021931171160108676
2017-12-11,0.027866079189227122
2017-12-12,-0.05957373243077235
2017-12-13,0.009450503424906387
2017-12-14,0.06672275050137522
2017-12-15,0.07647705726637533
2017-12-18,-0.07254290633921201
2017-12-19,-0.06700506450657429
2017-12-20,-0.05069001039219856
2017-12-21,-0.13322321728215947
2017-12-22,0.15183656249072186
2017-12-26,-0.01636315248910769
2017-12-27,-0.08097704981335418
2017-12-28,0.0033968323339585993
2017-12-29,0.021992661653767343
2018-01-02,0.01450508605496914
2018-01-03,0.025858428248032084
2018-01-04,0.11094452953729395
2018-01-05,-0.1388378134003485
2018-01-08,-0.038619922206656554
2018-01-09,0.025562164635523743
2018-01-10,-0.11058116741362234
2018-01-11,0.04198319183702104
2018-01-12,-0.19615001938430332
2018-01-16,-0.02662523913776127
2018-01-17,0.025266707476315986
2018-01-18,0.011480784055017068
2018-01-19,-0.06000344185662243
2018-01-22,-0.005779885423653042
2018-01-23,0.04418609725643563
2018-01-24,-0.008842259367552785
2018-01-25,-0.00784639410255572
2018-01-26,-0.10019800347570218
2018-01-30,0.011295200421317375
2018-01-31,-0.10845799638872755
2018-02-01,-0.03775622775012444
2018-02-02,-0.23874030029910465
2018-02-05,0.108709190826632
2018-02-06,-0.017261906053983367
2018-02-07,0.08115416198670111
2018-02-08,0.055463550667886
2018-02-09,0.021467611717941537
2018-02-12,-0.03746663522015048
2018-02-13,0.09916074093751703
2018-02-14,0.06836184023154956
2018-02-15,0.006617573638271423
2018-02-16,0.10823210411794726
2018-02-20,-0.06459170224791144
2018-02-21,-0.06626121098880944
2018-02-22,0.02916567969339212
2018-02-23,0.006348117057278557
2018-02-26,0.034034606098973796
2018-02-27,-0.031029470636465106
2018-02-28,0.05182687604474623
2018-03-01,0.01228839083196931
2018-03-02,0.04298153693384066
2018-03-05,-0.0710173788230346
2018-03-06,-0.07854714164884058
2018-03-07,-0.05895751127349236
2018-03-08,-0.006134788034012573
2018-03-09,-0.014284020556031507
2018-03-12,-0.0011163614975213676
2018-03-13,-0.1060320200204039
2018-03-14,0.0037476840392205446
2018-03-15,0.004506141978666278
2018-03-16,0.03445455795110419
2018-03-19,0.032243718870873295
2018-03-20,0.0017722101148152092
2018-03-21,-0.022745729727736475
2018-03-22,0.017168711059966313
2018-03-23,-0.07847888972440487
2018-03-26,-0.04692919680936569
2018-03-27,0.015384599545303246
2018-03-28,-0.10442950860100275
2018-03-29,-0.011495321590137664
2018-04-02,0.05122335284347912
2018-04-03,-0.08422475580705502
2018-04-04,-0.006201068910305807
2018-04-05,-0.02605042094133836
2018-04-06,0.020051340384091176
2018-04-09,0.009412414998555718
2018-04-10,0.019352815614150032
2018-04-11,0.12412693581038248
2018-04-12,0.000850158009713553
2018-04-13,0.020397289485947212
2018-04-16,-0.019621259128287605
2018-04-17,0.032535927574945944
2018-04-18,0.015906496489627386
2018-04-19,0.06437648463048973
2018-04-20,0.009568750776766777
2018-04-23,0.0823531991874269
2018-04-24,-0.09193210663750406
2018-04-25,0.04808821013231679
2018-04-26,-0.03223959330684423
2018-04-27,0.02781675603523226
2018-04-30,-0.013240166694592048
2018-05-01,0.012739001376983694
2018-05-02,0.053537157891065945
2018-05-03,-0.004433170333562941
2018-05-04,-0.034369951142338095
2018-05-07,-0.01485310141877072
2018-05-08,0.009737078547251699
2018-05-09,-0.030623267109053387
2018-05-10,-0.06893610659669847
2018-05-11,0.0320921942881256
2018-05-14,-0.02396447419619463
2018-05-15,-0.016772482047846538
2018-05-16,-0.03335153970564164
2018-05-17,0.01916817663872017
2018-05-18,0.020159160351512995
2018-05-21,-0.04583947139821376
2018-05-22,-0.062067659444725365
2018-05-23,0.0038982826938891435
2018-05-24,-0.014229521588760008
2018-05-25,-0.001009888310736784
2018-05-29,-0.008880942351451537
2018-05-30,0.01176467849979801
2018-05-31,0.006289122618005294
2018-06-01,-0.003583973428826326
2018-06-04,0.01574996113095395
2018-06-05,0.0026452866114361484
2018-06-06,0.0031646133192779757
2018-06-07,-0.0069685643656463014
2018-06-08,-0.0988980241130939
2018-06-11,-0.04813047339938237
2018-06-12,-0.03595427350674818
2018-06-13,0.04998260262806298
2018-06-14,-0.03332187405601239
2018-06-15,0.0421912794049355
2018-06-18,0.005201158253765215
2018-06-19,0.0009758784644162688
2018-06-20,-0.006931549314602492
2018-06-21,-0.1009251346030755
2018-06-22,0.026838873122114748
2018-06-25,-0.025199768617493845
2018-06-26,0.010360226200308631
2018-06-27,-0.042075518926674604
2018-06-28,0.051961304162501776
2018-06-29,0.06171932967602167
2018-07-02,-0.012871725512868082
2018-07-03,0.01663832736937998
2018-07-05,0.005162002311365654
2018-07-06,0.010175075207412121
2018-07-09,-0.06302716705345013
2018-07-10,0.010178711879893498
2018-07-11,-0.026285767240594282
2018-07-12,0.001482289507841017
2018-07-13,0.0776519329063099
2018-07-16,0.08243286458020904
2018-07-17,0.006771106197492216
2018-07-18,0.012951038487557298
2018-07-19,-0.015212500162380849
2018-07-20,0.04740008411185137
2018-07-23,0.0884546416030787
2018-07-24,-0.029254690417220175
2018-07-25,-0.028491418656974687
2018-07-26,0.026487261573523213
2018-07-27,0.001892903755509323
2018-07-30,-0.050137941881997605
2018-07-31,-0.02019234469295661
2018-08-01,-0.007604042111257314
2018-08-02,-0.017699946974246927
2018-08-03,-0.06711595979730056
2018-08-06,-0.028995953086402793
2018-08-07,-0.06853482384772036
2018-08-08,0.040774573013564464
2018-08-09,-0.060164276035962416
2018-08-10,0.018083705994484944
2018-08-13,-0.01566130632947882
2018-08-14,0.017398593339542856
2018-08-15,0.004146085616168804
2018-08-16,0.03808327820833668
2018-08-17,-0.04222781581999513
2018-08-20,0.028168761359932404
2018-08-21,-0.01741912892269326
2018-08-22,0.024501682068240882
2018-08-23,0.027928230011097455
2018-08-24,0.024210666766910194
2018-08-27,0.03027780971291527
2018-08-28,-0.006945951847084686
2018-08-29,-0.009829420799983168
2018-08-30,0.008469072019252621
2018-08-31,0.0450210998372782
2018-09-04,-0.08041781637747292
2018-09-05,-0.039587838057258296
2018-09-06,-0.009556698168818656
2018-09-07,-0.02147024688465038
2018-09-10,-0.0013437780737515226
2018-09-11,0.004829112103061917
2018-09-12,0.02572351655486571
2018-09-13,-0.0007060768656490524
2018-09-14,-0.03619457011966354
2018-09-17,0.014242423616419586
2018-09-18,0.004266345706213315
2018-09-19,0.018753903731685284
2018-09-20,0.03248666575188608
2018-09-21,-0.020936438692688242
2018-09-24,-0.022841248739725373
2018-09-25,0.007499922625337163
2018-09-26,0.0275986920872473
2018-09-27,-0.004897601761744141
2018-09-28,-0.008238038938531034
2018-10-01,-0.005099772645628775
2018-10-02,-0.008195393817457486
2018-10-03,0.011331035300969461
2018-10-04,0.006938348855323184
2018-10-05,0.004482214661504003
2018-10-08,-0.0014426384505714651
2018-10-09,-0.008634710127935818
2018-10-10,-0.05129538214462315
2018-10-11,0.0029271598167834867
2018-10-12,0.05003871210879929
2018-10-15,-6.521446177742973e-05
2018-10-16,-0.007865727557092583
2018-10-17,-0.01040167369568934
2018-10-18,-0.0017462065653059966
2018-10-19,0.003358409940000584
2018-10-22,-0.001761939764286069
2018-10-23,0.003099024997764488
2018-10-24,-0.0030141263870877566
2018-10-25,-0.0002378247716183779
2018-10-26,-0.022194383606999324
2018-10-29,0.0002589641886441285
2018-10-30,-0.0026336269445916827
2018-10-31,0.009479090296347081
2018-11-01,0.0016700572222632104
2018-11-02,0.0048750831799342365
2018-11-05,0.006420434910365813
2018-11-06,0.010642787457474157
2018-11-07,-0.01177166147441433
2018-11-08,-0.010608136324314899
2018-11-09,-0.002249780872174867
2018-11-12,-0.0018506025222677636
2018-11-13,-0.10277649273173672
2018-11-14,-0.01586495582727565
2018-11-15,-0.01291584159438841
2018-11-16,-0.13499103892158182
2018-11-19,-0.09007563428611043
2018-11-20,0.03320365546509585
2018-11-21,-0.05701668937195947
2018-11-23,-0.14001743164228309
2018-11-26,0.010945085463911042
2018-11-27,0.10822444579237178
2018-11-28,0.005020181260203316
2018-11-29,-0.06308129823555753
2018-11-30,-0.031131695910708856
2018-12-03,0.015988811461090435
2018-12-04,-0.11668536935118468
2018-12-06,-0.02915174921548669
2018-12-07,0.023899334858294097
2018-12-10,-0.022540327664478
2018-12-11,0.018046272769710825
2018-12-12,-0.050968961408146995
2018-12-13,-0.0217185542488334
2018-12-14,0.08944209528219105
2018-12-17,0.04148507479473018
2018-12-18,0.013408299801074719
2018-12-19,0.09867679132172569
2018-12-20,-0.059262300440080296
2018-12-21,0.04566364705148551
2018-12-24,-0.05578674019702312
2018-12-26,-0.05391629952715249
2018-12-27,0.0710402860729289
2018-12-28,-0.04728342961910492
2018-12-31,0.05223829160589233
2019-01-02,-0.027422321806191974
2019-01-03,0.005452331614920425
2019-01-04,0.04251090124858692
2019-01-07,0.001390154770684049
2019-01-08,0.0011030020343767433
2019-01-09,-0.09245928249298174
2019-01-10,0.0022917701090907627
2019-01-11,0.005054984870561441
2019-01-14,-0.020548563372546624
2019-01-15,0.006679301401545601
2019-01-16,0.00642448558032882
2019-01-17,-0.0056498160197318015
2019-01-18,-0.014668165057360127
2019-01-22,-0.005411671839448573
2019-01-23,0.004381431105509037
2019-01-24,-0.0003054202695444985
2019-01-25,-0.03658441182238725
2019-01-28,-0.006456126661070982
2019-01-29,0.01097878297095356
2019-01-30,-0.008176606850343049
2019-01-31,0.008682382533651278
2019-02-01,-0.008288761421216151
2019-02-04,0.002080242524957754
2019-02-05,-0.015287693750092757
2019-02-06,-0.0041965833008426046
2019-02-07,0.0756939360941562
2019-02-08,-0.00501684722919471
2019-02-11,0.0013963105132095421
2019-02-12,-0.005890543660870051
2019-02-13,-0.004190873583171495
2019-02-14,0.0010859628225894369
2019-02-15,0.08628175799766247
2019-02-19,0.013269765098495867
2019-02-20,-0.01149189028232911
2019-02-21,0.012917451356472043
2019-02-22,-0.031145228196264085
2019-02-25,-0.007325399279810796
2019-02-26,-0.0008592791582575643
2019-02-27,0.0009701838898461546
2019-02-28,0.0012440007407157339
2019-03-01,-0.02572633664225421
2019-03-04,0.035213632013155305
2019-03-05,0.001940338762940641
2019-03-06,0.0019299650258197687
2019-03-07,-0.0026502747112910896
2019-03-08,0.0010493249311860353
2019-03-11,0.001005570148075563
2019-03-12,-0.0006241055237001802
2019-03-13,0.004508157464902851
2019-03-14,0.009268473031697866
2019-03-15,0.01791426446817468
2019-03-18,0.00954703827395953
2019-03-19,0.003992356946232789
2019-03-20,-0.014328401790338674
2019-03-21,-0.0013307952232004538
2019-03-22,-0.015249427623961864
2019-03-25,0.005538472822802731
2019-03-26,0.025269802161778543
2019-03-27,-0.00440378414003284
2019-03-28,0.007166825802505272
2019-03-29,0.014487790832902192
2019-04-01,0.16004197976839407
2019-04-02,0.01890749296950922
2019-04-03,-0.010150461847883818
2019-04-04,0.022870127391311
2019-04-05,0.049027591312968966
2019-04-08,-0.016163226787920593
2019-04-09,0.02271680293391576
2019-04-10,-0.05007552528719117
2019-04-11,0.004934263167637454
2019-04-12,-0.004416949710273954
2019-04-15,0.032703409546247286
2019-04-16,0.0031234202806835754
2019-04-17,0.00880504810644922
2019-04-18,0.018879200251623374
2019-04-22,0.031537678710241934
2019-04-23,-0.0194793465759453
2019-04-24,-0.04766091040689524
2019-04-25,0.013123813423158381
2019-04-26,-0.0060789614828546945
2019-04-29,0.019508686623199267
2019-04-30,0.009665964737195054
2019-05-01,0.018809979754905726
2019-05-02,0.046667295980034496
2019-05-03,-0.003731179580201527
2019-05-06,0.014287066018571437
2019-05-07,0.025899955314045542
2019-05-08,0.03160113331553838
2019-05-09,0.03255511923946841
2019-05-10,0.20304639975180194
2019-05-13,0.022709207625679184
2019-05-14,0.026020895924879994
2019-05-15,-0.03981349360704378
2019-05-16,-0.07108127725881808
2019-05-17,0.0828570695486821
2019-05-20,-0.0018795372127939913
2019-05-21,-0.03621876354448261
2019-05-22,0.025934032858881295
2019-05-23,0.013299515579216603
2019-05-24,0.08775312805053481
2019-05-28,-0.0069593521281454684
2019-05-29,-0.04005664796772912
2019-05-30,0.030194039934908545
2019-05-31,-0.04356239154314423
2019-06-03,-0.0630014783427022
2019-06-04,0.014996473539936162
2019-06-05,-0.0002822410658254171
2019-06-06,0.027977129076807827
2019-06-07,-0.005437662200412419
2019-06-10,-0.009117973017984227
2019-06-11,0.0271447396905522
2019-06-12,0.010388753446054722
2019-06-13,0.054715664950810705
2019-06-14,0.06958652943068522
2019-06-17,-0.025932150849556024
2019-06-18,0.020894883881638293
2019-06-19,0.026983496264122664
2019-06-20,0.06279058671001714
2019-06-21,0.08196681544062656
2019-06-24,0.06842540313130918
2019-06-25,0.09886766271923975
2019-06-26,-0.1518196739369877
2019-06-27,0.10391011328681188
2019-06-28,-0.1590259165175727
2019-07-01,0.02043979364930415
2019-07-02,0.1019724231462682
2019-07-03,-0.08573872330948085
2019-07-05,0.11252181716911025
2019-07-08,0.023159293280457405
2019-07-09,-0.033751227644685855
2019-07-10,-0.06788441618713037
2019-07-11,0.039472753868565746
2019-07-12,-0.08114117347266259
2019-07-15,-0.1393767055806645
2019-07-16,0.022551278856090207
2019-07-17,0.09561955306661929
2019-07-18,-0.012808461572603846
2019-07-19,-0.017977625586194534
2019-07-22,-0.043707966595475156
2019-07-23,-0.009013724991008942
2019-07-24,0.010131621144278569
2019-07-25,-0.004199559341957482
2019-07-26,-0.036225536898157884
2019-07-29,0.009231027857063978
2019-07-30,0.04857531814577598
2019-07-31,0.030662540264241755
2019-08-01,0.011330721144643618
2019-08-02,0.11547381708019167
2019-08-05,-0.028131633051238225
2019-08-06,0.03961210267399373
2019-08-07,0.0020443450527860563
2019-08-08,-0.008684364496771124
2019-08-09,-0.04133166407356548
2019-08-12,-0.043707143389404735
2019-08-13,-0.0806379719242738
2019-08-14,0.025522045965720608
2019-08-15,0.0060711120004821595
2019-08-16,0.050899182778600505
2019-08-19,-0.014098602646118508
2019-08-20,-0.05984026786228647
2019-08-21,-0.0006901282262674613
2019-08-22,0.02696583890848636
2019-08-23,-0.0035752398936548246
2019-08-26,-0.01803098322502983
2019-08-27,-0.043244332321517476
2019-08-28,-0.02535588058642091
2019-08-29,0.009207926773969533
2019-08-30,0.10149944313938164
2019-09-03,-0.0027379439807031503
2019-09-04,-0.0017912085396538657
2019-09-05,-0.021237571181719872
2019-09-06,-0.0017718372091035661
2019-09-09,-0.02141782097558753
2019-09-10,0.006149168432955321
2019-09-11,0.02251399403043486
2019-09-12,-0.004774055257204424
2019-09-13,-0.008116684239867666
2019-09-16,-0.00346246270575179
2019-09-17,-0.004209930227212055
2019-09-18,0.006661946401365526
2019-09-19,-0.008291636186186224
2019-09-20,-0.045441815222615034
2019-09-23,-0.12099364952146807
2019-09-24,-0.015616015371175962
2019-09-25,-0.04433175093227604
2019-09-26,0.01623387232043605
2019-09-27,0.005079569443804388
2019-09-30,0.0059395226486973485
2019-10-01,0.005947039319424974
2019-10-02,-0.01597938661828735
2019-10-03,-0.0065654260828598154
2019-10-04,0.004824304161505921
2019-10-07,-0.0020443649816002107
2019-10-08,0.0436286041566607
2019-10-09,-0.0010786272982699074
2019-10-10,-0.03131474095669695
2019-10-11,0.006340256265360722
2019-10-14,-0.020424933726610917
2019-10-15,-0.019423891941979576
2019-10-16,0.0069819797390682226
2019-10-17,-0.01625994007694942
2019-10-18,0.03336492268169167
2019-10-21,-0.020282321366639877
2019-10-22,-0.07231210270482968
2019-10-23,-0.0028228801699565764
2019-10-24,0.14476109386093228
2019-10-25,0.06649245338975263
2019-10-28,0.018362811918532174
2019-10-29,-0.023825095718830624
2019-10-30,-0.0006673727616757219
2019-10-31,0.006664947063718785
2019-11-01,0.016227207336218186
2019-11-04,-0.007473715309565421
2019-11-05,0.001962481459161225
2019-11-06,-0.010018996001742053
2019-11-07,-0.051214083806272015
2019-11-08,-0.005362839378223683
2019-11-11,0.006586553240447657
2019-11-12,-0.0008397010971492591
2019-11-13,-0.01143720218148303
2019-11-14,-0.025129397563837585
2019-11-15,-0.021749923275093508
2019-11-18,-0.012490374838556306
2019-11-19,-0.02203907156093976
2019-11-20,-0.049086768125686575
2019-11-21,-0.04635206471928832
2019-11-22,-0.020833939680580116
2019-11-25,0.01005783551004491
2019-11-26,0.0424866264353021
2019-11-27,0.03002664222915996
2019-11-29,-0.05826067161951087
2019-12-02,-0.00025170831980858566
2019-12-03,-0.009348132540894838
2019-12-04,0.026704767756074332
2019-12-05,0.01316283930428419
2019-12-06,-0.0195481451462598
2019-12-09,-0.016728999152695323
2019-12-10,-0.008373983817170583
2019-12-11,0.0035554716584638157
2019-12-12,0.0036588787977542836
2019-12-13,-0.04749522159367814
2019-12-16,-0.04302813984775078
2019-12-17,0.09150203958984626
2019-12-18,-0.010215599788491403
2019-12-19,0.0022150257023572095
2019-12-20,0.018774784509870912
2019-12-23,-0.0045095905809819925
2019-12-24,-0.011477712142868413
2019-12-26,0.0070371806538602755
2019-12-27,0.0003986452276070196
2019-12-30,-0.013722694823240289
2019-12-31,-0.02935931141347936
2020-01-02,0.050171745960032155
2020-01-03,0.05616562099224609
2020-01-06,0.0495268893264047
2020-01-07,-0.01032167320280486
2020-01-08,-0.02516485111441824
2020-01-09,0.035837017057327
2020-01-10,-0.0027417352722789445
2020-01-13,0.08059650637836668
2020-01-14,-0.0023537488141354146
2020-01-15,-0.009494746324859804
2020-01-16,0.023255338715641116
2020-01-17,-0.02072427811237887
2020-01-21,-0.007461951294766678
2020-01-22,-0.0321153677231969
2020-01-23,0.004618933008295301
2020-01-24,0.05352795690272494
2020-01-27,0.049140656693548834
2020-01-28,-0.004493658672814149
2020-01-29,0.02043703691808041
2020-01-30,-0.016805048675941237
2020-01-31,-0.006115408162598257
2020-02-03,-0.01218545364907797
2020-02-04,0.04602834799275257
2020-02-05,0.012033084493943136
2020-02-06,0.006774835392771905
2020-02-07,0.006174073796755053
2020-02-10,0.035052446746270505
2020-02-11,0.011475404940052059
2020-02-12,-0.010873762642184204
2020-02-13,0.009523015160700865
2020-02-14,-0.016634702842214466
2020-02-18,-0.051449984043289376
2020-02-19,-0.0025892656683303983
2020-02-20,0.008081532009711623
2020-02-21,-0.003751084852838815
2020-02-24,-0.03248723753845262
2020-02-25,-0.05740768792548856
2020-02-26,-0.00409296638844836
2020-02-27,-0.012836217768336766
2020-02-28,0.02248566272117536
2020-03-02,-0.009274764811754821
2020-03-03,-0.0037097436703970033
2020-03-04,0.03628484201142079
2020-03-05,0.0048110043680758
2020-03-06,-0.14089765259142162
2020-03-09,-0.001757685080184146
2020-03-10,0.00021498848832735007
2020-03-11,-0.4647301753397741
2020-03-12,0.11268622219754576
2020-03-13,-0.103934895124846
2020-03-16,0.041245525670191796
2020-03-17,0.002448204386068298
2020-03-18,0.16710432424961397
2020-03-19,0.0012244500086868726
2020-03-20,0.034491728712804814
2020-03-23,0.04844470857364058
2020-03-24,-0.008011559939721025
2020-03-25,0.005281211361417348
2020-03-26,-0.03741337669931255
2020-03-27,-0.0061950054936676935
2020-03-30,0.0013681074096147938
2020-03-31,0.025777803165675905
2020-04-01,0.027888755965960854
2020-04-02,-0.008906283829347217
2020-04-03,0.07692295853833109
2020-04-06,-0.013201383140758693
2020-04-07,0.02173462611620991
2020-04-08,-0.004373997983961431
2020-04-09,-0.06463656883755498
2020-04-13,-0.00038135085635992994
2020-04-14,-0.029712937076682877
2020-04-15,0.06902911272643486
2020-04-16,-0.0029015210954828063
2020-04-17,-0.030891621423780435
2020-04-21,0.033849812461733464
2020-04-22,0.042973347176261
2020-04-23,0.016178084496425882
2020-04-24,0.031892731911705496
2020-04-27,0.0014686626299020844
2020-04-28,0.11984140644428898
2020-04-29,-0.01632197818592296
2020-04-30,0.023536910446569692
2020-05-01,0.005387486904252725
2020-05-04,0.010093566989645808
2020-05-05,0.029084126239824926
2020-05-06,0.07107536685466265
2020-05-07,-0.01099854717229043
2020-05-08,-0.13475560405655784
2020-05-11,0.02328939648252515
2020-05-12,0.0515216067309936
2020-05-13,0.048814308336528
2020-05-14,-0.0425545413366315
2020-05-15,0.04182007312762437
2020-05-18,0.00025318046802702554
2020-05-19,-0.021407053865040382
2020-05-20,-0.04743978112005287
2020-05-21,0.011039704675422257
2020-05-22,-0.038580825800675456
2020-05-26,0.0384109712226941
2020-05-27,0.03686071480897368
2020-05-28,-0.00913557886418559
2020-05-29,0.07431041356890589
2020-06-01,-0.0647494748028361
2020-06-02,0.01322969499089588
2020-06-03,0.014793539385651755
2020-06-04,-0.013881075272664134
2020-06-05,0.010902606554413552
2020-06-08,0.002474647666023344
2020-06-09,0.007565917007305245
2020-06-10,-0.05715571914128326
2020-06-11,0.016919583790143022
2020-06-12,-0.0031842753035444815
2020-06-15,0.009197339368025581
2020-06-16,-0.006075177257296005
2020-06-17,-0.007242643975011731
2020-06-18,-0.013243316204146538
2020-06-19,0.038099791204587063
2020-06-22,-0.001977301049160829
2020-06-23,-0.03337092327378066
2020-06-24,-0.0052530814953222205
2020-06-25,-0.011059043986902495
2020-06-26,0.003044229198298609
2020-06-29,-0.005768117633966341
2020-06-30,0.009836784692076606
2020-07-01,-0.011433924918010874
2020-07-02,0.02725354073828612
2020-07-06,-0.01322747502849353
2020-07-07,0.018849585054621087
2020-07-08,-0.016076772716191456
2020-07-09,9.051613040611528e-05
2020-07-10,-0.0038000863994742673
2020-07-13,-4.331631390286361e-05
2020-07-14,-0.0054650618081169
2020-07-15,-0.0066149394632759595
2020-07-16,0.0020964170070048027
2020-07-17,0.0014019581613986531
2020-07-20,0.02272657241900866
2020-07-21,0.01592346743118611
2020-07-22,0.005831453188376301
2020-07-23,-0.004621806400933792
2020-07-24,0.14189749853966127
2020-07-27,-0.007126663372122977
2020-07-28,0.01704870717725271
2020-07-29,0.0009676074745073038
2020-07-30,0.01892242337372707
2020-07-31,-0.006833770034438302
2020-08-03,-0.0036037470015539697
2020-08-04,0.04716003790353618
2020-08-05,0.0027841443313860736
2020-08-06,-0.01525190204918836
2020-08-07,0.02356527900247052
2020-08-10,-0.04016111286278701
2020-08-11,0.015169300755772497
2020-08-12,0.017048853955415666
2020-08-13,-0.0012963612281762238
2020-08-14,0.04042724462886049
2020-08-17,-0.021709414754999656
2020-08-18,-0.019617886991365907
2020-08-19,0.010161327741759152
2020-08-20,-0.0243618627931248
2020-08-21,0.015586893488656273
2020-08-24,-0.03530600440853249
2020-08-25,0.010696334763965254
2020-08-26,-0.014463477673961833
2020-08-27,0.019164718595602537
2020-08-28,0.01191233176949602
2020-08-31,0.02449528784504018
2020-09-01,-0.04759982836281473
2020-09-02,-0.108024907829682
2020-09-03,0.02568095890557487
2020-09-04,-0.03684869679616831
2020-09-08,0.010879835709758368
2020-09-09,0.011724294913523892
2020-09-10,0.0036386352484214513
2020-09-11,0.026557497830895116
2020-09-14,0.010812510742823633
2020-09-15,0.016347532426243205
2020-09-16,-0.0023640918305822822
2020-09-17,-0.000402336913788659
2020-09-18,-0.045070424975305556
2020-09-21,0.007256944592073822
2020-09-22,-0.028125828810468434
2020-09-23,0.0489361364351204
2020-09-24,-0.006278889783731145
2020-09-25,0.0015825865163279218
2020-09-28,0.012525583307516186
2020-09-29,-0.005561903231040333
2020-09-30,-0.01542167540122108
2020-10-01,-0.0041025453782754795
2020-10-02,0.020344380441150278
2020-10-05,-0.01765966406225239
2020-10-06,0.006069812450622436
2020-10-07,0.0228613846473138
2020-10-08,0.01353719392318986
2020-10-09,0.04341169281535784
2020-10-12,-0.011267025530866448
2020-10-13,0.00031567340046478876
2020-10-14,0.005744241377636072
2020-10-15,-0.015183968290795491
2020-10-16,0.036416714532876426
2020-10-19,0.01473482660524894
2020-10-20,0.07338405430586903
2020-10-21,0.011027987566796682
2020-10-22,-0.0026529704553777123
2020-10-23,0.011051764795366736
2020-10-26,0.04332755896265361
2020-10-27,-0.02844584941845696
2020-10-28,0.012475103458648107
2020-10-29,0.008052075583307783
2020-10-30,0.0002927848239888675
2020-11-02,0.02907841515337317
2020-11-03,0.013061444695718905
2020-11-04,0.09741581080424488
2020-11-05,-0.0008969303080483826
2020-11-06,-0.015118674009752198
2020-11-09,-0.0027046871096150227
2020-11-10,0.026488015591814573
2020-11-11,0.035966700891263415
2020-11-12,0.002544313205715909
2020-11-13,0.024115941361268156
2020-11-16,0.05410247584413774
2020-11-17,0.00894799987636219
2020-11-18,0.0007346200168818484
2020-11-19,0.04414876269819423
2020-11-20,-0.01390804252427813
2020-11-23,0.03968026776556144
2020-11-24,-0.01983933237463731
2020-11-25,-0.09067004787981325
2020-11-27,0.13727715034283072
2020-11-30,-0.04283053060242814
2020-12-01,0.020950814137307816
2020-12-02,0.012643316046181852
2020-12-03,-0.03909946752423288
2020-12-04,0.025963300904455977
2020-12-07,-0.046418459556244684
2020-12-08,0.01262504102957962
2020-12-09,-0.015694640220806022
2020-12-10,-0.011347356530151842
2020-12-11,0.0636978594887232
2020-12-14,0.008816158477202407
2020-12-15,0.09305159757677828
2020-12-16,0.06778242711074967
2020-12-17,0.014487680725324026
2020-12-18,-0.014578895731103714
2020-12-21,0.0420765679457773
2020-12-22,-0.023039436663008672
2020-12-23,0.02105790865039303
2020-12-24,0.13198225864487867
2020-12-28,0.010198176486275301
2020-12-29,0.052625181889350614
2020-12-30,0.005558802229053583
2020-12-31,0.09750266904461036
2021-01-04,0.06128001171320463
2021-01-05,0.08002182823087978
2021-01-06,0.06687092425852725
2021-01-07,0.03559288987944953
2021-01-08,-0.13721490918110568
2021-01-11,-0.0473164778588302
2021-01-12,0.0953397207362574
2021-01-13,0.04892161277885165
2021-01-14,-0.062166498972308304
2021-01-15,-0.020730853363922108
2021-01-19,-0.014579216975338483
2021-01-20,-0.14252813081835924
2021-01-21,0.0683334114753027
2021-01-22,-0.01956152540573619
2021-01-25,0.006266383460683755
2021-01-26,-0.06787434522440883
2021-01-27,0.09502025954716942
2021-01-28,0.02509007084781878
2021-01-29,-0.022968438634478616
2021-02-01,0.05716793887942018
2021-02-02,0.053773897801539405
2021-02-03,-0.014678676703823612
2021-02-04,0.03245885330843379
2021-02-05,0.19152671498584972
2021-02-08,0.0061426193854519084
2021-02-09,-0.03420320342962846
2021-02-10,0.06446761605839413
2021-02-11,-0.008478464657924789
2021-02-12,0.03505915946635518
2021-02-16,0.05821415216952097
2021-02-17,-0.009038226589304088
2021-02-18,0.07828513543693205
2021-02-19,-0.030536104024342592
2021-02-22,-0.10458524450100981
2021-02-23,0.0178814957381217
2021-02-24,-0.05396975925205183
2021-02-25,-0.016142075456887284
2021-02-26,0.06862014128038751
2021-03-01,-0.025554925208490786
2021-03-02,0.043664727693901284
2021-03-03,-0.03990612219912748
2021-03-04,0.0075114201765362765
2021-03-05,0.06563773283660623
2021-03-08,0.048156840253234634
2021-03-09,0.021374179798028692
2021-03-10,0.03157300039029742
2021-03-11,-0.00821687285311512
2021-03-12,-0.02516733981439856
2021-03-15,0.015929471547609708
2021-03-16,0.03572418708035663
2021-03-17,-0.017339151916612394
2021-03-18,0.008394319050578858
2021-03-19,-0.06766666430965351
2021-03-22,0.0038401154329434917
2021-03-23,-0.03655175777765862
2021-03-24,-0.020485432915554824
2021-03-25,0.06428841931989204
2021-03-26,0.04630013423543744
2021-03-29,0.020014609919984494
2021-03-30,1.9359447593458867e-05
2021-03-31,0.002999232878687863
2021-04-01,-0.0006420398652888792
2021-04-05,-0.014763897549620708
2021-04-06,-0.037528870853165586
2021-04-07,0.039787675704227254
2021-04-08,-0.0013545498361153818
2021-04-09,0.027908883485924463
2021-04-12,0.058527143450268326
2021-04-13,-0.006219938149170545
2021-04-14,0.00323225111697667
2021-04-15,-0.027886621874568363
2021-04-16,-0.09980433631732133
2021-04-19,0.013347500558966274
2021-04-20,-0.04651974554182736
2021-04-21,-0.040581883746806824
2021-04-22,-0.013001302685205829
2021-04-23,0.055726546342878436
2021-04-26,0.01854831914865329
2021-04-27,-0.0037942553737355666
2021-04-28,-0.0234296738251345
2021-04-29,0.0754151877209619
2021-04-30,-0.009567373024509607
2021-05-03,-0.06999363622377608
2021-05-04,0.07389708647447613
2021-05-05,-0.01805509355764201
2021-05-06,0.01687709678143534
2021-05-07,-0.02643954949095395
2021-05-10,0.015009957344290115
2021-05-11,-0.1429671467730369
2021-05-12,0.01144292811009251
2021-05-13,0.003300186759766177
2021-05-14,-0.1360079447719844
2021-05-17,-0.014531934084628162
2021-05-18,-0.14810707635188614
2021-05-19,0.09727501612396061
2021-05-20,-0.08913981683679317
2021-05-21,0.03687502846555368
2021-05-24,-0.007878782581023813
2021-05-25,0.02296156581276776
2021-05-26,-0.02205718107153487
2021-05-27,-0.07393611150144253
2021-05-28,0.02728231619618171
2021-06-01,0.023977788702314484
2021-06-02,0.042556616951369364
2021-06-03,-0.060840387267125706
2021-06-04,-0.09470399835993071
2021-06-07,-0.0026277750634573493
2021-06-08,0.10947410238213884
2021-06-09,-0.017354742993129335
2021-06-10,0.017067578415986162
2021-06-11,0.07441139422057219
2021-06-14,0.0046584533275275675
2021-06-15,-0.05230703159614336
2021-06-16,-0.007684760787668665
2021-06-17,-0.0614015913917374
2021-06-18,-0.12201039035218031
2021-06-21,0.025833047609392423
2021-06-22,0.03676667515561327
2021-06-23,0.027475699857644642
2021-06-24,-0.09130465397426413
2021-06-25,0.08470225042447765
2021-06-28,0.04078512112413968
2021-06-29,-0.023325202965851943
2021-06-30,-0.042818245600875215
2021-07-01,0.009632020913439732
2021-07-02,0.009926319850057652
2021-07-06,-0.011157826650300962
2021-07-07,-0.029311778537964628
2021-07-08,0.0276173634478738
2021-07-09,-0.019182874907549774
2021-07-12,-0.0137820864258007
2021-07-13,0.0036725998364310897
2021-07-14,-0.03224946835684328
2021-07-15,-0.011366530858486712
2021-07-16,-0.01940013065818924
2021-07-19,-0.033338555734211184
2021-07-20,0.0744341723569324
2021-07-21,0.006283788882168295
2021-07-22,0.038503942271905345
2021-07-23,0.10602229284594067
2021-07-26,0.053942853488036846
2021-07-27,0.014835126516453911
2021-07-28,0.0003128737005972937
2021-07-29,0.054172230652618225
2021-07-30,-0.07453583859567381
2021-08-02,-0.027122491205131993
2021-08-03,0.04094316463847747
2021-08-04,0.027838357371246403
2021-08-05,0.04653814062641537
2021-08-06,0.07962999964675532
2021-08-09,-0.016974141392609
2021-08-10,0.00018876057234251675
2021-08-11,-0.025891753544200924
2021-08-12,0.0730094797189178
2021-08-13,-0.03814700916556468
2021-08-16,-0.0288691990345864
2021-08-17,0.002364966650011624
2021-08-18,0.0418858533323494
2021-08-19,0.054597906983852695
2021-08-20,0.004186120845078634
2021-08-23,-0.037844894330950396
2021-08-24,0.025960121950429738
2021-08-25,-0.04210229745237548
2021-08-26,0.044099430302267706
2021-08-27,-0.041700089144256935
2021-08-30,0.0023710718587306445
2021-08-31,0.035005653788017455
2021-09-01,0.009792724788171725
2021-09-02,0.014044128006187151
2021-09-03,-0.0664094048971382
2021-09-07,-0.015494793572990773
2021-09-08,0.006488390533952781
2021-09-09,-0.03303518664446514
2021-09-10,0.0017621978864763577
2021-09-13,0.04627200677790988
2021-09-14,0.02275460131450835
2021-09-15,-0.008190739435939065
2021-09-16,-0.010854079709277542
2021-09-17,-0.09826240691849719
2021-09-20,-0.05148826786332528
2021-09-21,0.06839960199678252
2021-09-22,0.02985630902322356
2021-09-23,-0.04686219528987401
2021-09-24,-0.01419985352348263
2021-09-27,-0.028852332947741033
2021-09-28,0.012828924814572318
2021-09-29,0.05218276011816414
2021-09-30,0.09420841893127907
2021-10-01,0.020487449851422923
2021-10-04,0.047747610534685236
2021-10-05,0.07201410137731123
2021-10-06,-0.028498794333346567
2021-10-07,0.0030037607441677494
2021-10-08,0.0631319193015134
2021-10-11,-0.025435763506084896
2021-10-12,0.02397881481648234
2021-10-13,-0.0013872457018972995
2021-10-14,0.07188745837457944
2021-10-15,0.006991272784242497
2021-10-18,0.0354134436604987
2021-10-19,0.026577834542036882
2021-10-20,-0.059027668390729815
2021-10-21,-0.024702251082704407
2021-10-22,0.03795038687769292
2021-10-25,-0.043377186101063
2021-10-26,-0.03166384386368293
2021-10-27,0.03593449158802464
2021-10-28,0.02614437550515447
2021-10-29,-0.019858399094868417
2021-11-01,0.03577587734847398
2021-11-02,-0.004062805617151
2021-11-03,-0.024399034254608765
2021-11-04,-0.005328129187967434
2021-11-05,0.10018515094228952
2021-11-08,-0.00884509918220111
2021-11-09,-0.02995816542044416
2021-11-10,-0.0006967481072823745
2021-11-11,-0.012300437518714347
2021-11-12,-0.009365857500370112
2021-11-15,-0.054922454251583375
2021-11-16,0.0034309649222326044
2021-11-17,-0.058423750403308716
2021-11-18,0.020466973046305625
2021-11-19,-0.03199831049826152
2021-11-22,0.022481248103211726
2021-11-23,-0.022638719964637843
2021-11-24,-0.04936196286050176
2021-11-26,0.07611754010353522
2021-11-29,-0.013955922421075684
2021-11-30,0.003928780734842263
2021-12-01,-0.013227302108742123
2021-12-02,-0.05233158566534257
2021-12-03,-0.05790820753128756
2021-12-06,0.0023194677368660876
2021-12-07,-0.0038592862213864265
2021-12-08,-0.0577215558084756
2021-12-09,-0.009035819421615798
2021-12-10,-0.010764521753285905
2021-12-13,-0.0026748276204262567
2021-12-14,0.04783877809998138
2021-12-15,-0.02550406419845963
2021-12-16,-0.03118009325604021
2021-12-17,0.014570845851164194
2021-12-20,0.04292879288746754
2021-12-21,-0.006315834406489529
2021-12-22,0.04338193932958667
2021-12-23,-0.002841927568294267
2021-12-27,-0.0621514265119778
2021-12-28,-0.024336011956341608
2021-12-29,0.015667738713133872
2021-12-30,-0.018649172756866506
2021-12-31,0.0032700420519855555
2022-01-03,-0.012138934663861178
2022-01-04,-0.05206628845481376
2022-01-05,-0.009410297303588777
2022-01-06,-0.037847988650375086
2022-01-07,0.006317171772508345
2022-01-10,0.02163341063743829
2022-01-11,0.027993907251913086
2022-01-12,-0.03137582795207017
2022-01-13,0.011859664695821337
2022-01-14,-0.01694251918462797
2022-01-18,-0.015009910442870478
2022-01-19,-0.025816743095603556
2022-01-20,-0.10960468291544068
2022-01-21,0.00538935204823332
2022-01-24,0.008142486826951512
2022-01-25,-0.002760824449564936
2022-01-26,0.007733837890786077
2022-01-27,0.01724750509041506
2022-01-28,0.01832531334844667
2022-01-31,0.0067373185026333715
2022-02-01,-0.04731073995912283
2022-02-02,0.0054412158319916415
2022-02-03,0.11062688345744753
2022-02-04,0.05483863574338166
2022-02-07,0.006324808965338491
2022-02-08,0.004982113681997191
2022-02-09,-0.017603393781389087
2022-02-10,-0.026921126055171385
2022-02-11,0.004211566272221745
2022-02-14,0.04563060448723988
2022-02-15,-0.013855295049898686
2022-02-16,-0.08108233071910398
2022-02-17,-0.012586526423760347
2022-02-18,-0.04456856016147981
2022-02-22,-0.02618363461542117
2022-02-23,0.027399579951550734
2022-02-24,0.022738450595305437
2022-02-25,0.09664446705281726
2022-02-28,0.02653338033252517
2022-03-01,-0.00975371593540686
2022-03-02,-0.03409447865241333
2022-03-03,-0.08128527556523579
2022-03-04,-0.02786634609445926
2022-03-07,0.017584738215960627
2022-03-08,0.0804608330138592
2022-03-09,-0.06254685680053029
2022-03-10,-0.016425482290646443
2022-03-11,0.022222736239216445
2022-03-14,-0.008302471898177899
2022-03-15,0.04486546767419952
2022-03-16,-0.0046909168777933274
2022-03-17,0.020538517974936
2022-03-18,-0.01745139734141965
2022-03-21,0.030703791309973028
2022-03-22,0.012531246090631498
2022-03-23,0.02459372596578646
2022-03-24,0.008782716407665703
2022-03-25,0.06078330404132437
2022-03-28,0.007140599739189568
2022-03-29,-0.008527995234731023
2022-03-30,-0.03291800954258228
2022-03-31,0.016183454010016973
2022-04-01,0.007341591448509988
2022-04-04,-0.023144860605896156
2022-04-05,-0.052945705100574614
2022-04-06,0.006852924231532498
2022-04-07,-0.028353972258937432
2022-04-08,-0.06764040584223352
2022-04-11,0.015198991801760542
2022-04-12,0.025576417495491555
2022-04-13,-0.030364373354540675
2022-04-14,0.02205835186986782
2022-04-18,0.016435294339235185
2022-04-19,-0.003097867846211244
2022-04-20,-0.02068443970831879
2022-04-21,-0.019611085251920457
2022-04-22,0.017905729165173412
2022-04-25,-0.05959955698854813
2022-04-26,0.029052734994520435
2022-04-27,0.01348390672152533
2022-04-28,-0.029702353660828962
2022-04-29,-0.0020870367516998556
2022-05-02,-0.020422241840901023
2022-05-03,0.0503126775329914
2022-05-04,-0.08194136472907587
2022-05-05,-0.014713780107637575
2022-05-06,-0.17360786110208792
2022-05-09,0.02367869238648268
2022-05-10,-0.06962706368651972
2022-05-11,0.0038423156405116288
2022-05-12,0.00806958299328464
2022-05-13,0.019606831133803126
2022-05-16,0.01867531097186692
2022-05-17,-0.0576896230339532
2022-05-18,0.05401747251089617
2022-05-19,-0.03742660999960279
2022-05-20,-0.003493337644354
2022-05-23,0.018949781767068075
2022-05-24,-0.0031485281301595336
2022-05-25,-0.010033699544871766
2022-05-26,-0.022097889022564488
2022-05-27,0.10485406697380206
2022-05-31,-0.06474693067083415
2022-06-01,0.022182633910983185
2022-06-02,-0.025365289710190808
2022-06-03,0.054578572354957444
2022-06-06,-0.0068833346588697
2022-06-07,-0.03067294698343126
2022-06-08,-0.0033934595457960626
2022-06-09,-0.03474221923779908
2022-06-10,-0.2572268307057932
2022-06-13,-0.012556416941055915
2022-06-14,0.016349175083862022
2022-06-15,-0.10211240133010335
2022-06-16,0.00439781088256197
2022-06-17,0.011612717039856335
2022-06-21,-0.03556200532463194
2022-06-22,0.0535199496525518
2022-06-23,0.006889809613761955
2022-06-24,-0.023647116165468773
2022-06-27,-0.022179692795420536
2022-06-28,-0.008746512259888206
2022-06-29,-0.016009711756280964
2022-06-30,-0.026393611667963057
2022-07-01,0.046676497176841636
2022-07-05,0.017582449257883326
2022-07-06,0.05165639338861894
2022-07-07,0.004313222712422515
2022-07-08,-0.0844861842836373
2022-07-11,-0.032915621389021155
2022-07-12,0.0449367599448216
2022-07-13,0.017549651263241373
2022-07-14,0.012868197042893215
2022-07-15,0.07618107481235192
2022-07-18,0.03940528200341831
2022-07-19,-0.0067652436363694335
2022-07-20,-0.0028926217700480095
2022-07-21,-0.019601945764883055
2022-07-22,-0.061424899588962134
2022-07-25,-0.00572504382684258
2022-07-26,0.07659542154936183
2022-07-27,0.03905783089201442
2022-07-28,-0.0016476446914399645
2022-07-29,-0.020817634234079563
2022-08-01,-0.014520247082613125
2022-08-02,-0.0057440617075421585
2022-08-03,-0.009479525568520941
2022-08-04,0.02867589908816015
2022-08-05,0.022089438261570393
2022-08-08,-0.02747099349637594
2022-08-09,0.033256795053882016
2022-08-10,0.00041276206736817755
2022-08-11,0.018415982056897207
2022-08-12,-0.010953832132926777
2022-08-15,-0.010565706274135778
2022-08-16,-0.023181944883864603
2022-08-17,-0.005295957030778453
2022-08-18,-0.10602664190168731
2022-08-19,0.024665352243596672
2022-08-22,0.006018593854662413
2022-08-23,-0.006200333278529868
2022-08-24,0.009577016652956516
2022-08-25,-0.06408571655966355
2022-08-26,0.0018726075088011385
2022-08-29,-0.025001327783567007
2022-08-30,0.012696624168793136
2022-08-31,0.0038518173635360142
2022-09-01,-0.0078494796911599
2022-09-02,-0.058361223781760785
2022-09-06,0.023745153749135994
2022-09-07,0.0020460703035372063
2022-09-08,0.10086009766789061
2022-09-09,0.04523105424810758
2022-09-12,-0.09728219892342338
2022-09-13,-0.0027439686753734094
2022-09-14,-0.027034586241262204
2022-09-15,0.0036162281734331003
2022-09-16,-0.01162140130885092
2022-09-19,-0.034000477547087016
2022-09-20,-0.01834481351522399
2022-09-21,0.04564167754912951
2022-09-22,-0.0059885762967120115
2022-09-23,-0.0038923305891209736
2022-09-26,-0.0058500341701694936
2022-09-27,0.016409099157190354
2022-09-28,0.007504185755092152
2022-09-29,-0.007243323491751497
2022-09-30,0.009821571864517153
2022-10-03,0.035702295702778386
2022-10-04,-0.008698206075026249
2022-10-05,-0.010234041758595325
2022-10-06,-0.02068782806747471
2022-10-07,-0.02095619157510953
2022-10-10,-0.00471640371270432
2022-10-11,0.0055498963744717855
2022-10-12,0.011700026522296625
2022-10-13,-0.010228526229370871
2022-10-14,0.018851118942693645
2022-10-17,-0.011127327349329974
2022-10-18,-0.010130621895941161
2022-10-19,-0.004492679159129764
2022-10-20,0.0062119106533931046
2022-10-21,0.008988239092957429
2022-10-24,0.038050125599863094
2022-10-25,0.03301719435894768
2022-10-26,-0.0236079843216217
2022-10-27,0.015142492579418132
2022-10-28,-0.004846706919259702
2022-10-31,-0.0005124320157943174
2022-11-01,-0.01603042401585597
2022-11-02,0.002501116490787325
2022-11-03,0.04533199824767209
2022-11-04,-0.026081164613568575
2022-11-07,-0.10542864681146114
2022-11-08,-0.15488954817014822
2022-11-09,0.10203740901128455
2022-11-10,-0.03191845360130152
2022-11-11,-0.02473011232748057
2022-11-14,0.01590431717951546
2022-11-15,-0.012825680370736947
2022-11-16,0.0010839194206493374
2022-11-17,0.000614627845701321
2022-11-18,-0.0560708001218142
2022-11-21,0.025174715080391152
2022-11-22,0.025667956985737206
2022-11-23,-0.005364238527359788
2022-11-25,-0.018603304167175594
2022-11-28,0.01394046411034644
2022-11-29,0.04305976658394428
2022-11-30,-0.011802068595368809
2022-12-01,0.0071369860458059264
2022-12-02,-0.0066836616215848466
2022-12-05,0.006733035250819697
2022-12-06,-0.014224977832437702
2022-12-07,0.02261420008103876
2022-12-08,-0.00583837050588798
2022-12-09,0.004268266909601692
2022-12-12,0.03286478873072873
2022-12-13,0.001928930642170812
2022-12-14,-0.025628381021023827
2022-12-15,-0.04218980898150093
2022-12-16,-0.012561210713320392
2022-12-19,0.027988705082472976
2022-12-20,-0.005264509420177532
2022-12-21,0.0007612154110798741
2022-12-22,-0.0019858084288220113
2022-12-23,-0.004760944402953271
2022-12-27,-0.009895050300251285
2022-12-28,0.00540864482552017
2022-12-29,-0.0023916958787602027
2022-12-30,0.00464338644722595
2023-01-03,0.010934153962034898
2023-01-04,-0.001572817718438202
2023-01-05,0.006820792235552986
2023-01-06,0.014325077364631511
2023-01-09,0.014418133870886862
2023-01-10,0.027621150497731506
2023-01-11,0.050803180490186506
2023-01-12,0.053649212803669855
2023-01-13,0.06098368335642057
2023-01-17,-0.022592831153300352
2023-01-18,0.01905533410289806
2023-01-19,0.07268455261104734
2023-01-20,0.011307874962589892
2023-01-23,-0.013077079200906283
2023-01-24,0.02104318470132327
2023-01-25,-0.003687148593844114
2023-01-26,0.0019930464741655385
2023-01-27,-0.010391893594000834
2023-01-30,0.013012288539513861
2023-01-31,0.02494573459000371
2023-02-01,-0.010674749877368939
2023-02-02,-0.0009611362476711349
2023-02-03,-0.0298321783954254
2023-02-06,0.021910195714932357
2023-02-07,-0.014063722484005226
2023-02-08,-0.050072947921117716
2023-02-09,-0.007722817724904019
2023-02-10,0.007221409653118016
2023-02-13,0.018747466050136552
2023-02-14,0.089770007863196
2023-02-15,-0.02855810148156479
2023-02-16,0.03910624942609964
2023-02-17,-0.00527523223903259
2023-02-21,-0.010180396881002807
2023-02-22,-0.010027916762018307
2023-02-23,-0.03179206740644425
2023-02-24,0.013901645259011275
2023-02-27,-0.0160927308751031
2023-02-28,0.021336804939162235
2023-03-01,-0.00726135020948071
2023-03-02,-0.048562425729771874
2023-03-03,0.002995066975012506
2023-03-06,-0.009406138966042477
2023-03-07,-0.022837315061131847
2023-03-08,-0.06442451332853238
2023-03-09,-0.008669656883114385
2023-03-10,0.181199767457926
2023-03-13,0.022416164797506966
2023-03-14,-0.015069419825618269
2023-03-15,0.027387721969649448
2023-03-16,0.09043081735478786
2023-03-17,0.012440797804941894
2023-03-20,0.014607259457310562
2023-03-21,-0.03130493478602503
2023-03-22,0.036902430921442075
2023-03-23,-0.03011973318555583
2023-03-24,-0.012937246316294448
2023-03-27,0.004714100093913487
2023-03-28,0.03885339931269094
2023-03-29,-0.01116959874133272
2023-03-30,0.015746414888454296
2023-03-31,-0.02446468241677202
2023-04-03,0.013505585874638015
2023-04-04,0.000351205704706814
2023-04-05,-0.004761257346579839
2023-04-06,0.05578292232966042
2023-04-10,0.01943948956433239
2023-04-11,-0.0031803678161335114
2023-04-12,0.00859013376828166
2023-04-13,0.002845797962017116
2023-04-14,-0.03473205356672793
2023-04-17,0.03183646099781612
2023-04-18,-0.05319953662867327
2023-04-19,-0.02021112661928015
2023-04-20,-0.03491087727171305
2023-04-21,0.009066466769448667
2023-04-24,0.02802320777395373
2023-04-25,0.004057925868579559
2023-04-26,0.036313132862295205
2023-04-27,-0.004540602889752776
2023-04-28,-0.04349121994990135
2023-05-01,0.02074927029112139
2023-05-02,0.011294600825028311
2023-05-03,-0.005482697825375027
2023-05-04,0.023524523635352068
2023-05-05,-0.06432951314172897
2023-05-08,-0.0012826051136460848
2023-05-09,-0.0013393336115541388
2023-05-10,-0.022737627872803756
2023-05-11,-0.0072780171559241325
2023-05-12,0.014360237763412442
2023-05-15,-0.005754943306691018
2023-05-16,0.013305949198469946
2023-05-17,-0.020896322938492418
2023-05-18,0.002156270430170082
2023-05-19,-0.001445870957960338
2023-05-22,0.013848962643425722
2023-05-23,-0.033270400187896954
2023-05-24,0.005354526205138654
2023-05-25,0.009139332662057242
2023-05-26,0.03613141856908264
2023-05-30,-0.017577792723265873
2023-05-31,-0.014792581991187603
2023-06-01,0.01589161106579695
2023-06-02,-0.056211777158011955
2023-06-05,0.0558151185623359
2023-06-06,-0.03332542412080919
2023-06-07,0.006138366063705547
2023-06-08,-0.0010508601377399174
2023-06-09,-0.022064403456182546
2023-06-12,0.000626326955973866
2023-06-13,-0.03111535403261989
2023-06-14,0.017819375410116578
2023-06-15,0.028942773265370647
2023-06-16,0.07322003984177528
2023-06-20,0.058274213206820136
2023-06-21,-0.0038377235796946962
2023-06-22,0.025845905768154154
2023-06-23,-0.013920564563099092
2023-06-26,0.013682563415242655
2023-06-27,-0.019808917913037405
2023-06-28,0.01186519753773041
2023-06-29,0.0010472432791654995
2023-06-30,0.02204038015018206
2023-07-03,-0.020829912571736386
2023-07-05,-0.020020299639947226
2023-07-06,0.014370909980298663
2023-07-07,0.002376859472120074
2023-07-10,0.006765948365584862
2023-07-11,-0.0075166695389672356
2023-07-12,0.03505911799946482
2023-07-13,-0.036955452769761976
2023-07-14,-0.006222897766457791
2023-07-17,-0.009643886494909992
2023-07-18,0.0019193869502824867
2023-07-19,-0.0040836263076453605
2023-07-20,0.003910458253166382
2023-07-21,-0.024773034600597654
2023-07-24,0.001728455480240143
2023-07-25,0.0043556533334641045
2023-07-26,-0.0049272385842940025
2023-07-27,0.0037094442045351173
2023-07-28,-0.0030447758408094217
2023-07-31,0.015130233826088357
2023-08-01,-0.017807507516909737
2023-08-02,0.0009161807791748799
2023-08-03,-0.0035908335462959684
2023-08-04,0.0036558939179265337
2023-08-07,0.01984638697905261
2023-08-08,-0.006877101417060771
2023-08-09,-0.004471948989328567
2023-08-10,-0.0010837469218056839
2023-08-11,0.00036487728740830505
2023-08-14,-0.00812912011875433
2023-08-15,-0.016193584838703146
2023-08-16,-0.07362412009606345
2023-08-17,-0.02333424865381062
2023-08-18,0.002859066506291086
2023-08-21,-0.0035464695192519713
2023-08-22,0.015248455549160767
2023-08-23,-0.010239565761125391
2023-08-24,-0.004393992436940053
2023-08-25,0.002242690879668885
2023-08-28,0.06024989257085167
2023-08-29,-0.015634289371323717
2023-08-30,-0.05132914544958922
2023-08-31,-0.005054814300672561
2023-09-01,-0.0008042615082999305
2023-09-05,-0.0010380138015939622
2023-09-06,0.018732105501950258
2023-09-07,-0.012831149860508262
2023-09-08,-0.029100334535417716
