Date,Actual_Return,Ridge Regression,Random Forest,Hist Gradient Boosting
2023-12-18,-0.017929749988652155,-0.013127962932840385,0.0015005207026145462,0.0009919517492712727
2023-12-19,0.010977281118820237,-0.006763613805996184,0.0019188038763837986,0.0048206663782516266
2023-12-20,0.01694580433910442,-0.010176714465045651,0.0016400252426197897,0.004111609691001815
2023-12-21,0.03810410081071769,-0.006388946081839124,0.0017837523196565415,0.0011317043487564377
2023-12-22,-0.04171722678288248,0.001546415072951278,0.002066331458947965,0.0006531192997099763
2023-12-26,0.06391246238319326,-0.0019732614348304646,0.0020177677468392456,0.01135113616222056
2023-12-27,-0.013191815850142952,-0.006854177585399285,0.0018231719213800675,0.0004050113973730873
2023-12-28,-0.020169744950323754,-0.0020880261991599747,0.002256192736484905,0.00414688978733612
2023-12-29,0.02368646376855832,-0.008388573625765226,0.0015321626764341126,0.0016534906712011945
2024-01-02,-0.06355859889814752,-0.014373492182035187,0.0023693012246815883,0.0018210163599347172
2024-01-03,0.026018755301935315,-0.005277326909521465,0.0024687802508877687,0.0019707603122643236
2024-01-04,-0.00017227688370358152,-0.004073834003328226,0.002097433190292798,0.002848273334458462
2024-01-05,0.027985301477946756,-0.007994731782031275,0.001275285524597492,-0.0023682857858377776
2024-01-08,0.00504267290230942,-0.007978812450067388,0.0021393010089263776,0.002583295032481731
2024-01-09,0.09639269438375209,-0.0028704258641577577,0.0015591548157109628,0.004149202714799985
2024-01-10,0.014424558155059053,-0.004833240187472119,0.002117733717566388,0.0015608030735392536
2024-01-11,-0.037001681326647606,0.000943139273814243,0.0029788902221654532,0.006422934982898963
2024-01-12,0.024738775232642674,-0.0026247758150634284,0.0006923610809062663,-0.005307260621510752
2024-01-16,-0.02319145193667982,-0.002834746247808834,0.0016494786545151103,0.00394660668469014
2024-01-17,-0.024564125366991263,-0.01190004305600597,0.001879858544055214,0.003041678777004703
2024-01-18,0.009070841056131762,-0.002539002560704177,0.0016157950892544857,0.000700275037312374
2024-01-19,-0.07447608228585345,-0.006221978498634008,-0.002412665898910861,0.013997953384170675
2024-01-22,-0.0308231317333183,0.005549620525878949,0.0025411701321520846,0.007236222088095652
2024-01-23,-0.0031845681835731554,-0.0017329535968898756,0.0017136446016640377,0.0035542863191577166
2024-01-24,-0.00712229205759396,-0.002708890948080598,0.001833629367004475,0.0017716588885606458
2024-01-25,0.022070236302984547,0.0028343375302597442,0.0022878566736840122,0.003428772466255831
2024-01-26,0.021755496453517154,-0.005281457165377967,0.0017240180742170508,0.00341136245453255
2024-01-29,0.011768494889621728,0.004355367012688484,0.00198224240221951,0.0035206560506595885
2024-01-30,-0.026778651706552914,0.004463177297657392,0.001943694564824599,0.0026097501438016742
2024-01-31,0.00927985755123295,0.005976235669093918,0.0018629074870423416,0.0030021000710225916
2024-02-01,0.0018271922941490715,0.0037860382031487923,0.0019421194617887346,0.008481458906367855
2024-02-02,-0.003971923994558146,0.0007694614080326924,0.0022678118708867943,-0.0007784294852875759
2024-02-05,0.031392671147167484,-0.0019911692397184266,0.001954615464109962,0.0009595334296348948
2024-02-06,0.02149531563499618,6.121705157619809e-05,0.002237970329336895,0.013809464170901103
2024-02-07,-0.0015850123660969828,0.004874805669951993,0.001414936037507253,0.0015319478719417615
2024-02-08,0.02755557080068538,0.0008686901004238279,0.0015662581464645432,0.004356492669781517
2024-02-09,0.06633311724560009,0.004068123944915474,0.0013731909576153855,0.0021541282620962635
2024-02-12,-0.0060112477475167125,-0.0002909699434037983,0.0017722025823667371,0.0005536638114073765
2024-02-13,0.05008974934052901,0.003784929891664502,0.0023188167283949204,0.004647726263837323
2024-02-14,0.01659239395526768,-0.0017140880539067034,0.001795835325010607,0.002300933095679452
2024-02-15,-0.0073515759483138154,0.0053160504383015905,0.0017888027273815406,0.0019064473970589542
2024-02-16,0.07216650089130816,-0.0012736244521602891,0.0019786721855052838,-0.0004936637895565926
2024-02-20,-0.014421777074224096,-0.003998540499392981,0.0025701220263663507,0.002511185785191272
2024-02-21,0.00021942961373699887,0.006252458413143975,0.002999835293768745,0.007587668182259614
2024-02-22,-0.01674972883315018,0.005679227126189,0.0032653730828976404,0.019883480728708516
2024-02-23,0.08441335229929159,0.009232897577218272,0.0036343989206887267,0.011468719784033648
2024-02-26,0.020402514436179686,0.004282453811868617,0.003774129692852017,0.005007911986815383
2024-02-27,0.042594619378036214,0.002177282207300181,0.004033970793837502,0.008518927538447192
2024-02-28,-0.013016423301078106,0.029119021191410917,0.004396754792210922,0.019450031735102742
2024-02-29,0.02748723730369207,0.01143341412050854,0.00417368543662033,0.008260790290103926
2024-03-01,0.05531952270860607,0.006752117875180585,0.002308484733643039,0.002439990429268247
2024-03-04,-0.021007050416047335,0.018307718658046195,0.0029050410688120244,0.002072186164981806
2024-03-05,0.07170276235487805,0.011417649245432203,0.002672582512185786,0.005072968210504555
2024-03-06,0.014329434214495507,0.0006950462983589148,0.0008801286395782313,-0.0015081080089765797
2024-03-07,0.004561544550282903,0.002510530808027573,0.0023589463492578893,0.000993403019813877
2024-03-08,0.043830323789860515,0.008579218776924797,0.0020051259001959343,-0.0008240750634885635
2024-03-11,-0.02141871171114751,0.005757412431302515,0.0014755352413393873,-0.003888997708810683
2024-03-12,0.006556858930506948,0.011826713534970152,0.002900528025633236,0.001865250606658828
2024-03-13,-0.03126311464191822,0.007244127937071464,0.003457207563704854,0.0038409604365834977
2024-03-14,-0.03883742613255059,0.008690352459567313,0.003362318052545484,0.005868493379636852
2024-03-15,-0.05991836358915137,0.006252150046804941,0.0026454298885230086,0.0036826074517005668
2024-03-18,-0.10807041521511351,0.007857598893534398,0.0023696532596944615,0.002777248449811476
2024-03-19,0.10676425828400937,0.0323040735073219,0.0030541915548483816,0.012404087626511339
2024-03-20,-0.005823806495557804,0.019370525181220476,0.001973662167387053,0.003470460046702209
2024-03-21,-0.04667925447782295,0.006070988796087384,0.00149628906373702,0.0018676986249878237
2024-03-22,0.07431915784941445,0.0061238042240354925,0.002546043807981312,-0.007836164208719255
2024-03-25,-0.000941410852490776,0.014821218022464517,0.0016082874920478921,0.0017676824439407759
2024-03-26,-0.024661050087006586,0.0027724088514321523,0.00207137395037502,0.001793402440156835
2024-03-27,0.01732805454941122,0.005929890567222879,0.002291862567649216,0.004656235864097018
2024-03-28,-0.015924858600346425,0.001767368039715126,0.0019790391170699845,0.0006174779071842565
2024-04-01,-0.06719912514608062,0.0041303784038444055,0.0015258751011057049,0.0009657222733270211
2024-04-02,0.010383749354783589,0.004692862029912295,0.0011011104323339045,-0.0010274773881702101
2024-04-03,0.005600762073500576,0.0018476563882346122,0.0013515500306763542,-0.001120982228792923
2024-04-04,-0.0033555146414272485,-0.00575840340961203,0.0007685505770713769,0.0006649876949338337
2024-04-05,0.1074308134277171,-0.0030195364199698737,0.000438572561805084,-0.0012131615537933516
2024-04-08,-0.052822654510865874,0.0008326410039139322,0.0013563520054171193,-0.002259098398117479
2024-04-09,0.010944718575245815,0.01118648087274648,0.0015570680388732091,-0.0013818081439726155
2024-04-10,-0.010920619373457896,-0.0020637559051638887,0.001836305461221777,-0.002294716713335025
2024-04-11,-0.07775162512730915,-0.005988306300494374,-0.0052100997704110814,-0.012305597025179733
2024-04-12,-0.044591375066939776,0.007846458832412936,0.001624946009176245,-0.00644859085229804
2024-04-15,-0.005392438667119137,-0.004286582617197071,-0.003914156912315169,-0.002562567117998088
2024-04-16,-0.03301731292502197,0.004057934998587644,-0.001647985281597111,0.00013097755042267223
2024-04-17,0.0268743124339057,-0.0029906018236935403,0.0011619553092948674,0.0025380878429470976
2024-04-18,-0.0022036534993663537,0.0021573065581719647,0.0010661055923529138,0.0032941124756278454
2024-04-19,0.04548783278920965,-0.001272297098695754,0.0012033464377797945,0.00229737992442224
2024-04-22,0.005686954607986294,0.010138261695882797,0.002313981880840735,0.0020977116422063705
2024-04-23,-0.025193160248653257,-0.002392358035531449,0.0004231301244250694,0.0016368812959159556
2024-04-24,0.005306083224290603,0.013301714468826362,0.001958744697209671,0.0018869672946430032
2024-04-25,-0.008381181989109976,0.004263731069230149,0.0021708264716879568,0.0032088324363867657
2024-04-26,0.026875118530051978,0.005271498969291524,0.0020712899074653676,0.0019275670463679026
2024-04-29,-0.06526122564673109,-0.0048754927050093854,0.0018602943654755033,0.00241090054691964
2024-04-30,-0.014210098365436963,-0.0035885191010421305,0.002548939256686898,0.0028663532307573298
2024-05-01,0.006171195717810107,-0.01412731735709271,0.0018060073705920535,0.004173624929707541
2024-05-02,0.03788339383392447,-0.00931449984662383,0.0015241053806067462,0.0020757876960650016
2024-05-03,-0.013237767223010621,-0.01361396244236178,0.002476542322766671,0.0025904466828561676
2024-05-06,-0.018503998431244284,-0.009212179222782802,0.001470427474013317,0.0017871551999150681
2024-05-07,-0.011009687024775339,-0.0008544436610525179,0.001837874354847497,0.0020552490974712623
2024-05-08,0.020755029698057648,-0.005272339440017252,0.001828781443195706,0.002145808312833297
2024-05-09,-0.042466267818291215,-0.01128331896684642,0.001406495527143302,0.002262359108205719
2024-05-10,0.013506721958187029,-0.002545627384754021,0.0022994209013044997,0.0018487218454712926
2024-05-13,-0.023395786097884397,-0.009175403057756725,0.0019541245859810716,0.0017680980292125012
2024-05-14,0.05269655364749681,-0.007190071841501339,0.0019458759107125322,0.0025898675275694816
2024-05-15,-0.03073550264355429,-0.013326086598336678,0.0015036980631891541,0.0012772696559970637
2024-05-16,0.049349767153890944,-0.002944622118689777,0.0017521009208368839,0.002602684728125771
2024-05-17,0.1690128991426345,-0.007331234545322043,0.001861990418409027,-0.0009611123928326607
2024-05-20,0.03366866891949982,-0.012883268415254154,0.002060570959440764,0.005169373798948285
2024-05-21,-0.013843244909626407,-0.0015687600128700336,0.002426780217569637,-0.003932755511551605
2024-05-22,0.010569357450195938,0.0006250304695747993,0.0026023440431045606,0.004084874504851438
2024-05-23,-0.013324716440008544,-0.005927315279461202,0.0050140851857214935,0.006768345031201112
2024-05-24,0.029953056821558022,-0.00210311561458612,0.0025129604559884135,0.0023325955685900082
2024-05-28,-0.020270383528343316,0.003654579568112897,0.0025299537612086653,0.005426556780186545
2024-05-29,-0.004353355314895779,0.007575024196401474,0.002783015098991937,0.0017148638309374487
2024-05-30,0.0035106521272609825,-0.0007176347288998348,0.0028043904870780245,0.008000979079396026
2024-05-31,0.0016907251836570936,0.005338972530713161,0.0029656990970386094,0.006757783704642464
2024-06-03,0.0121725442811087,0.0008448066851498596,0.0021246602989907796,0.002303595382079098
2024-06-04,0.01348115279251516,0.00975889563679099,0.0023739430005187945,0.005072238627526264
2024-06-05,-0.013719845755309379,0.005052689719896105,0.0021901145926115123,0.008766644376398848
2024-06-06,-0.0355104420599659,0.005940801808007942,0.0023046194534508775,0.007475728528037043
2024-06-07,-0.003243313639176293,0.0028338701699537477,0.0021370373174007147,0.0036791340209344496
2024-06-10,-0.047010981983525824,-0.009411826229750614,0.0008745276098060623,0.0036052187730293596
2024-06-11,0.01736727097632773,0.004896708724945754,0.0024370043551749693,0.0044942741748477625
2024-06-12,-0.02570570471426059,-0.003147908141929205,0.0020633125367042733,0.004015542214212338
2024-06-13,0.003163003855718216,0.005036934431579202,0.002495191775411214,0.004851974072826233
2024-06-14,0.00889836732085314,-0.010021597602453467,0.0014512939575462855,0.0038301738258706246
2024-06-17,-0.007919203929082741,-0.002238613949859836,0.001751163468807152,0.00418834857829775
2024-06-18,0.007836044481919657,-0.00536599931721998,0.0023631338782718393,0.005180342319649353
2024-06-20,0.0014198534045650746,-0.007740983598700814,0.001550435075762476,0.005129598729910338
2024-06-21,-0.04830864047521466,-0.002739866845211496,0.0022097915428198507,0.00404329956151316
2024-06-24,0.013275453882714672,-0.002689129548765116,0.0023550338995781033,0.0035330344428244637
2024-06-25,-0.007554691510726741,-0.0013979129869308479,0.0023431860214447333,0.0034789983339500374
2024-06-26,0.02210837657707465,-0.0014112531187045242,0.0022746202814817574,0.0032943147014999324
2024-06-27,-0.020874913112926663,0.0005223326593837279,0.002168915255797399,0.006477030939193614
2024-06-28,0.019579664608187386,0.0017104196853082415,0.002538836607312921,0.0070877316941327425
2024-07-01,-0.0069966389780358185,0.0017354102057662861,0.0023340514189306907,0.0055459701025889745
2024-07-02,-0.03680039448140526,-0.004941372638049608,0.002000168241812557,0.002071710190559515
2024-07-03,-0.0993141109414033,0.005167920706175514,0.0025610385682746976,0.007038710066322344
2024-07-05,0.012377243028737439,0.0007083343356594247,0.0021537574499908563,-0.0029587515814141273
2024-07-08,0.01489515499918781,-0.007600111353451557,0.0022096983770815183,0.00420641832945621
2024-07-09,0.012385572618809348,-0.011607667179519523,0.0010104732410987478,-0.00032636906690862227
2024-07-10,-0.0006087624106836387,0.0005187702864641291,0.001831216284955386,0.0016839953231753422
2024-07-11,0.01085195919458748,0.0063964183291947444,0.00135342029876957,-0.0038388084856331856
2024-07-12,0.1074127935901803,0.012784919309146608,0.0024269376105577386,0.0028372709912522992
2024-07-15,-0.013281276223358063,0.01997410510464418,0.0020466502797868904,-0.0014314199641272385
2024-07-16,-0.016030453163747183,0.007883286487487198,0.0017986657640196057,-0.0031599001479217883
2024-07-17,0.011007020314281135,0.01789446691235817,0.0026084696470137503,-0.001717470512526239
2024-07-18,0.022931297342607238,0.0046213181267207885,0.0038436376548147124,0.0017242334995406152
2024-07-19,-0.018806625684019806,-0.011275175016106618,0.002319659856801964,0.0033422461888605354
2024-07-22,0.012012115141502022,0.0042416288331614815,0.0026069835213894713,0.004677987587334161
2024-07-23,-0.0427314448060816,0.013130042987313219,0.002808827151102931,0.004366864139981239
2024-07-24,-0.04974698344282302,0.015393932705267033,0.003664683896996682,0.0035659257749826754
2024-07-25,0.03148111446436275,0.0066363228463010284,0.0028755240214891177,0.002863707887968427
2024-07-26,0.013518875890595083,0.005143355818775322,0.0027755590056028306,0.0035269431021898454
2024-07-29,-0.012690053134926771,0.014115500204304904,0.002920704943774376,0.003524437655160049
2024-07-30,-0.014553970196310217,0.014117889504377281,0.003329594384806381,0.0028712327821715762
2024-07-31,-0.009243606225471268,0.006809364869904365,0.0022352890439282795,0.004418787262688375
2024-08-01,-0.06970046769621341,0.004189175542291652,0.002576432250027781,0.0043213470574641815
2024-08-02,-0.2113266629040389,-0.005286797379836996,0.0016911883257940226,0.0007756728234864743
2024-08-05,0.017030014802877247,0.03860866212414333,0.014347977618759578,0.003745284141747847
2024-08-06,-0.05095014041494483,-0.01707994607103695,-0.030126527051451635,-0.024206359603405486
2024-08-07,0.1383747254084131,-0.0022569895692451268,-0.012081327817159204,-0.009716025977570696
2024-08-08,-0.03170999001911223,0.01690038765333609,-0.0034196548982595785,-0.013585642482619968
2024-08-09,0.04690286260920029,0.014116465613492724,-0.004254814969476083,-0.014432520437101762
2024-08-12,-0.007649120910366847,0.009675442886496667,-0.007784413138262735,-0.018808202865547793
2024-08-13,-0.015189492393236748,-0.006351598154956621,-0.005806188717249742,-0.013926957487047685
2024-08-14,-0.03548130840522834,-0.0008989659481824046,-0.008671407455454706,-0.01603879531915189
2024-08-15,0.008947435404047965,-0.00791711023790752,-0.007143891007126169,-0.016655600933213673
2024-08-16,0.01687065451134906,-0.001145217163221768,-0.00875863840565111,-0.01474807104258213
2024-08-19,-0.024643999606658973,0.006396446496174302,-0.0077362432872020576,-0.013500485295302856
2024-08-20,0.02240022447604062,0.003289127826082946,-0.0066072346427801685,-0.016706723159740727
2024-08-21,-0.0032141383843615756,-0.00289145323851129,-0.0011762338585965247,-0.016706723159740727
2024-08-22,0.05254044432685667,0.0070347853997209655,-0.001061474881343682,-0.00660004360792487
2024-08-23,-0.030523738296845515,-0.006786324100679668,0.001801056466126764,0.00266951227680506
2024-08-26,-0.08667332605342182,0.009164881016451493,0.002020465657252349,0.0034152520737657233
2024-08-27,0.027949274377879973,0.002937430655116756,0.0014412713033278286,-4.865756505819741e-06
2024-08-28,0.00014917213115683836,-0.0016082362668635517,0.0023604716563178094,0.00025290913555958043
2024-08-29,-0.0011754420925305098,-0.01321808386414018,0.0013883226605972084,-0.0017598806364276373
2024-08-30,-0.042549566251323334,0.007016381879826192,0.00251521197232511,0.003262946621521007
2024-09-03,0.011653410515005902,0.013730386456795645,0.002572325757326322,0.003108414651557609
2024-09-04,-0.033735528614387,0.00622483693153941,0.0020140701857464796,0.0026146216377544804
2024-09-05,-0.06268304999646546,0.009029926479534725,0.002477952684672958,0.004194569347124067
2024-09-06,0.05876643864085729,0.00979668665190446,0.002599838738467017,0.0026164631022972317
2024-09-09,0.013099792549208011,-0.005643505702840485,-0.003321872890867667,-0.02070327510918218
2024-09-10,-0.02103484508209963,0.0008525338636796739,-0.008197156175069798,-0.015372241139745786
2024-09-11,0.009333093465772713,0.009935917573660014,-0.0058060185265671315,-0.013151149567307407
2024-09-12,0.03324019383426968,0.0005960481521963569,-0.006340204899103225,-0.014615520208539453
2024-09-13,-0.0618000531841254,-0.00023766845483219894,-0.006189363347496393,-0.01573195902206871
2024-09-16,0.02002402803394876,0.003203785789778058,-0.005711734309638382,-0.016731090345077422
2024-09-17,0.011895127545669126,-0.002994253938857266,-0.006597746485736657,-0.01529257678186648
2024-09-18,0.03931566968280631,-0.001659144660271055,-0.00911180714850712,-0.015375074297640713
2024-09-19,0.03833465528030011,0.0074274628123441435,-0.005811122682664182,-0.0152020337222328
2024-09-20,0.033585026956036046,0.009076410500918779,-0.005585727584328931,-0.014457760080907125
2024-09-23,0.002190723783408899,0.014568670003994536,-0.005394512473296141,-0.014574008540107732
2024-09-24,-0.028649257997379607,0.00787934686791879,-0.004595825265905529,-0.0170723217914632
2024-09-25,0.020267557896731958,0.012428192100288851,-0.0004390199851532332,-0.0070258815626166
2024-09-26,0.02391235596212482,0.0013183036981916367,-0.0005361643043028696,-0.007963067100874716
2024-09-27,-0.035043605559144986,0.008449465631757786,-0.0019130630109463398,0.002397192793915101
2024-09-30,-0.061041152664752296,0.0071810210075312535,0.0024566402191402658,0.004208815336963527
2024-10-01,-0.03477159451833245,0.012801129946021271,0.0025762662363754637,0.005722240672381189
2024-10-02,-0.006549484508482806,0.009332872136351785,0.002263261117271811,0.0026422979735138473
2024-10-03,0.02728746203317911,0.0021740488264462192,0.0020412883830907193,0.0010170578964197997
2024-10-04,0.0028957135526797018,0.003476188029287391,0.000573537774866132,-0.0003546346718309144
2024-10-07,0.007423125435155775,0.006206035647631613,0.0009953661117818758,-0.00027124121223604696
2024-10-08,-0.029767390727599263,0.011468399480500222,0.0018716206980204804,0.0016953296901820916
2024-10-09,0.006554737109736308,0.011046616807274763,0.0019045881969970173,0.002080070172456913
2024-10-10,0.021847948378954207,0.004253372178378382,0.000978981115778356,0.002179820642783762
2024-10-11,0.07599737623929137,0.0057938668588119946,0.001965212413472595,0.0044889798629153994
2024-10-14,-0.008740560369298933,0.0035825393009897956,0.001837033236189839,0.002440519616624871
2024-10-15,0.001947463663023008,0.0023483106863605003,0.0012472190863941168,0.001742410330344351
2024-10-16,-0.00261864834037695,0.011475256566112554,0.0014746855878063215,0.0018589611257167728
2024-10-17,0.014212990821686589,0.0077378849656053955,0.0027175021656579133,-0.0007193501133911629
2024-10-18,0.00910453188622462,0.006801130080171657,0.0018763083757061796,0.0025658167932455355
2024-10-21,-0.017221547923448988,0.010397318409858783,0.003089612565329797,0.0039965766715344565
2024-10-22,-0.04332602482144399,0.005625504397145403,0.0018009376587730204,0.009984068504864154
2024-10-23,0.010072125451519476,0.0154709581631962,0.001850558820332077,0.0018570126411645881
2024-10-24,-0.03966551140843677,0.003420069404703976,0.0015790868678943854,7.363056079982829e-05
2024-10-25,0.05176390871445591,0.017300936806880392,0.001787521606187196,0.00047903559720347677
2024-10-28,0.02791075260486675,0.006707067075576826,0.001812539591254793,0.0001976427558605966
2024-10-29,0.007332923830771776,0.008755432814660598,0.001681413480495857,0.003934675918934384
2024-10-30,-0.054747302007758236,0.00973897355678109,0.0019700871351253585,0.00045463322691921483
2024-10-31,-0.0015569071230174814,0.011878762074226777,0.0028718753392479113,0.005312083015123722
2024-11-01,-0.0468047101093827,0.0011009596172472198,0.0019187296274577258,0.0010952378681668281
2024-11-04,0.010633288913420635,0.002971436125160606,0.002031937833221362,0.0007587784706655448
2024-11-05,0.1173012526406989,0.006028747164401779,0.0021463204864027173,0.0013963378759073346
2024-11-06,0.06102382126501471,-0.014143029751567632,0.001482432434534988,0.0008329959904469898
2024-11-07,0.022777538004595144,-0.016674849758941557,-0.015587676964458529,-0.009563469247296046
2024-11-08,0.1303750556159251,0.005935596384957499,0.0019904901739403696,-0.0007881948500541672
2024-11-11,-0.038837171708260954,-0.00234927984951198,-0.004297947827120497,-0.002149554638348683
2024-11-12,-0.016668377768942477,-0.007209677624344495,-0.0015630024343486254,-0.01167633755326555
2024-11-13,-0.042763057630081036,-0.0037353445108772787,0.0020227312883368182,-0.0022394250697140884
2024-11-14,0.014311141275921813,0.005794938689014861,0.004199326317000146,0.006851112127238532
2024-11-15,0.033220493957315966,-0.002328378823228395,0.0020214400357602543,0.0028461059261914693
2024-11-18,-0.030535286086054825,-0.008784260535700562,-0.007275753094946274,-0.01764432478840415
2024-11-19,-0.01267764643441005,0.00652808028122531,-0.005479788341507859,-0.014908038936511225
2024-11-20,0.08986459438020589,0.0015489512793066837,-0.0024065821107489747,-0.018058862192395227
2024-11-21,-0.008801683663303805,-0.004142458575631026,-0.007088281998379591,-0.018357070376492944
2024-11-22,0.024298113535973442,0.004029241716105528,-0.007050800912587086,-0.019716467187025407
2024-11-25,-0.02582512070414822,-0.012127037400074828,-0.00650849380901203,-0.017364149764619283
2024-11-26,0.09478538754645882,-0.00714981551806533,-0.006382896613531314,-0.015873720288254543
2024-11-27,-0.01758620329386318,-0.02826364977424134,-0.008692598894547578,-0.016209300707878405
2024-11-29,0.014011351952463613,0.0030095061918694556,-0.006190660206235952,-0.01666988790115316
2024-12-02,-0.006465846852197643,-0.004509251692766242,-0.0018258874341824,-0.015783183916272123
2024-12-03,0.05914833494591143,-0.011252350105145666,-0.002237777915788784,-0.009346822236999492
2024-12-04,-0.00792513536220163,-0.007144431033235089,-0.004601666610592359,-0.006661568531629873
2024-12-05,0.04985214378216085,-0.0069247491178521985,-0.001286365159589475,-0.0026168489058433497
2024-12-06,-0.07437437250663592,-0.005637229779269572,-0.0028362464632397553,-0.015963292137916956
2024-12-09,-0.0236338879518474,-0.005962695198291322,-0.008214596680344292,-0.019950332299185806
2024-12-10,0.05386366878061288,0.001482814696843287,-0.003980412900453789,-0.008261224233242478
2024-12-11,0.013032853981373549,-0.013318282495408765,-0.0047010965524982235,-0.00862388554418851
2024-12-12,0.007211386970922717,2.6395574955390827e-05,-0.00262749796163903,-0.017191179716399812
2024-12-13,0.01931409937641604,-0.0009881485432068533,-0.0018542710246742251,-0.014845460639316578
2024-12-16,-0.025582213898983852,-0.0003955231998906117,-0.002312752394070739,-0.007304178452416958
2024-12-17,-0.07143741459791109,0.008756456697858038,-0.0009591856080024867,-0.005240017765919574
2024-12-18,-0.05710555070104206,0.005415886618996474,0.002342773051250641,0.003879783595167757
2024-12-19,0.015855679498072206,0.00014207658568403825,-0.004096260737848307,-0.00998262078289666
2024-12-20,-0.01648274068030453,-0.008881935119175103,0.0013252255781279055,0.001874660453340772
2024-12-23,0.022081448333141296,-0.0022520835930747015,-0.000564974923617039,0.004486331668672193
2024-12-24,-0.047148546991946816,-0.009356124215552031,0.0016814712265241023,0.00016737520230612036
2024-12-26,-0.0006933298713640568,0.0004210871451588256,0.0008944965464386223,0.0005189191436765279
2024-12-27,0.00821973622768013,0.0007791966212428395,-0.0006148120325226503,-0.0065391667422640826
2024-12-30,-0.007134462860038937,-0.0012783447771856618,-0.003236815916320188,-0.008827075113327573
2024-12-31,0.03504549854282146,0.0028851614529696564,-0.0028848202314725666,-0.007178480695606841
2025-01-02,0.043546684210939546,-0.0005278027945770515,-0.005455046740984446,-0.004559190502593036
2025-01-03,0.0229255737351437,0.0006098608151723997,-0.002077197193766863,-0.006177157052274895
2025-01-06,-0.08690776855318205,-0.0037444843045436995,-0.0006432416284479443,0.001380254024199377
2025-01-07,-0.01647288739964914,-0.005990068293648049,8.665921941026356e-06,-0.0028960735334306723
2025-01-08,-0.03266486590657891,-0.009413126391363989,0.0005031313078270839,-0.00110898931302015
2025-01-09,0.014817571558857878,-0.005188857985679266,0.00032730669810437506,0.0002703907675261604
2025-01-10,-0.04123352994151297,-0.011222457114721343,9.722964218174798e-05,-0.00489497990303311
2025-01-13,0.02773640872797678,0.0015314512947744911,0.000776271630889938,-0.004652630427620307
2025-01-14,0.06800506244582571,-0.00027162802593944297,0.0010029391865363684,-0.0022042687407291105
2025-01-15,-0.04208191502412362,-0.0037371628465300974,0.0007169035850418021,-0.0040116101855379345
2025-01-16,0.0488893894473712,0.0003917396434214599,0.0008557958760726729,-0.0052323666069690935
2025-01-17,-0.04314442214941394,0.0025692337350285404,0.001565771154128358,0.00030595087884515153
2025-01-21,-0.026550445302570225,-0.0025639819332748896,0.0013934162881484194,-0.0032124565885239768
2025-01-22,0.028744300670782152,0.008543015669796318,0.001903499292130015,0.0014405691737946833
2025-01-23,-0.0075732333452158684,-0.0016196446735332406,0.000872570814192482,0.0011991570786121202
2025-01-24,-0.040272073118678975,0.008992379603191243,0.0023076025813523193,0.00953110745800148
2025-01-27,-0.03254997236383872,0.006049252164340712,0.00219182000075558,0.0022369059950374057
2025-01-28,0.011594904629125935,0.00763994470487881,0.0018020587100776996,0.004355463451564484
2025-01-29,0.04238511728102168,0.0035469260869760277,0.0017680600079477212,0.0013863135072037344
2025-01-30,0.015424919053598884,0.00312695825480745,0.0016799614258927794,0.0025687949218649794
2025-01-31,-0.13402193324855283,0.0015452771550418577,0.0018353181794932582,-0.0009243231507355811
2025-02-03,-0.053224499427353855,0.00559845914748603,0.009536149069682,0.008516792321780384
2025-02-04,0.019095058966454914,-0.00329173436125181,0.001960013425987429,0.002472161506915232
2025-02-05,-0.036298692340943184,0.0015546320638007102,0.0026212183867882445,0.008965199041960692
2025-02-06,-0.024928623743828204,-0.006949093236937162,0.0030367705773807403,-0.001828481997112731
2025-02-07,0.014746729414965465,0.0014962714833828053,0.0039065700372868505,0.004107751821036391
2025-02-10,-0.022183787478294192,0.007089486664820079,0.0038646374835612698,0.00576615023644178
2025-02-11,0.05024579395397755,0.010838552786726815,0.003964894483915004,0.009530520648351115
2025-02-12,-0.022539920715982653,0.0022717497387211892,0.002986096252997541,0.006504221746225044
2025-02-13,0.01858217824945818,-0.005117698825249512,0.0024819256717182694,0.008066784662489885
2025-02-14,-0.021038091254466984,-0.007840342034581232,0.0024072263250768796,0.003738661903062044
2025-02-18,0.017245063069149857,-0.008683669082044772,0.0018896223509959683,0.0038348504036892442
2025-02-19,0.009023070046993986,-0.011418812396664063,0.0018827400649549892,-0.0006552300089611422
2025-02-20,-0.0299023498437192,-0.0020529150200942195,0.0029411095797930143,0.004575688811502284
2025-02-21,-0.05639258838773653,-0.0017115965104456557,0.003451522884087178,0.005524245815695761
2025-02-24,-0.008079567833921608,-0.004461750421211421,0.0023722017024368617,0.000253361556874767
2025-02-25,-0.06723293096623006,-0.0016344735333818584,0.0029273245677344803,0.003946785435400508
2025-02-26,-0.011200727179471848,-0.0027457261167013946,0.002734977661172542,0.0033094551669558573
2025-02-27,-0.02975051281140484,-0.008756093600903677,0.0029455676950800587,0.0037940819681280334
2025-02-28,-0.04213317874313027,-0.005337756266817884,0.002869226450967049,0.0030544896026939586
2025-03-03,0.011327039159087171,-0.00436786467500555,0.00261007899670669,0.003933967501265467
2025-03-04,0.03262405447073036,-0.009345903522211428,0.0035484546321828143,0.016691228605955136
2025-03-05,-0.017775649142083516,-0.010604106650826249,0.0023006966599316216,-0.00046317938890472665
2025-03-06,-0.029249939244508028,-0.01639138484708978,0.002112744508824002,-0.0013565369357288707
2025-03-07,-0.13913729822708198,-0.004230585379473936,0.0031148928285659886,0.008252381171561487
2025-03-10,0.031049127522702946,0.013918703896419273,0.0028263137428721687,0.003314116265428845
2025-03-11,-0.005673973790330855,-0.015811442062037644,0.0030161766957335825,0.01312667023092662
2025-03-12,-0.024398688433319826,-0.014006244316189506,0.002480207046503775,0.008447819039414219
2025-03-13,0.02465264658862143,-0.004018520732345322,0.0023905339359289175,0.006997097432772288
2025-03-14,0.00914148704788964,-0.00838507909428299,0.0028159387407401784,0.007489715388362099
2025-03-17,0.002871078927171311,-0.004208417569425963,0.0033960486689355437,0.01047993391599619
2025-03-18,0.06277568959842839,-0.00363953608658022,0.0021431809916175695,0.003288654186231647
2025-03-19,-0.037455863474503026,-0.005662339316275185,0.0018327384289920513,-0.00027720108280641036
2025-03-20,-0.0087421632555289,0.0035073012299814245,0.0022052435138097885,0.0024369066874742346
2025-03-21,0.055740489710755625,0.0028886524975015627,0.002443642614861814,0.0024460967086760706
2025-03-24,-0.00468723360820178,-0.0015060132727410206,0.0023871348673790006,0.0030256674133002826
2025-03-25,-0.028736584831998258,0.00732215633460821,0.002136201027217998,0.003056847638742725
2025-03-26,-0.0034061254701009958,0.008858552894996447,0.0019493855119730615,0.00450427959089537
2025-03-27,-0.054840995788628,-0.00064845888754746,0.0018607665957314202,0.002938282529086644
2025-03-28,-0.03873744899784626,0.010203865321248791,0.0017655947367214478,0.0006613433036649121
2025-03-31,0.04399320439878629,0.0024817468443102983,0.001568920507528674,0.0014596426147871929
2025-04-01,-0.05956044751702105,0.00042438610253916586,0.001831027385718579,0.0025870247331301727
2025-04-02,0.011256974898994798,0.005877283993859866,0.0033087318668846965,0.011178274487182945
2025-04-03,-0.00016634769948353778,0.0033534215330531907,0.0022945210281123574,0.006278600461030944
2025-04-04,-0.15463964046183687,0.0018317163092516563,0.00155920352612567,0.002436883654131931
2025-04-07,-0.05463279878420835,0.0024022721537017696,0.007075016287826204,0.01028689569057816
2025-04-08,0.12465161047070339,0.014659155217757501,0.004996331647114028,0.017682795299801345
2025-04-09,-0.09128324001492949,-0.012788055456013032,-0.0009107808087195098,0.0031742463544643454
2025-04-10,0.02889247503118675,-0.013369339458168898,-0.00785814486313211,0.0029905102334028023
2025-04-11,0.03487595952634326,-0.010757588299311798,0.0023319382358301948,0.009227097232461207
2025-04-14,-0.0212609529619483,-0.023832690554417498,0.0018954645924908328,0.0024560894780266867
2025-04-15,-0.006648569648291414,-0.01895915607622046,0.0030203729532058657,0.01305797971689014
2025-04-16,0.0028114412594666405,-0.02750001563006161,0.0041650760778627555,0.012613157510930364
2025-04-17,-0.0017796279847130947,0.004583590980366236,0.004665906715905682,0.009357502433906808
2025-04-21,0.10653976610910565,-0.01708605707361968,0.00508913660352226,0.006771079546192386
2025-04-22,0.021823453566225837,-0.011565663035721655,0.0032363135070841475,-0.0010051610612969656
2025-04-23,-0.014735575199702922,-0.026841266402687282,0.0018155026887648074,-0.002121417786906076
2025-04-24,0.009449256980928133,-0.014833876940955504,0.0028421169749957044,0.005218511498147176
2025-04-25,0.006814881620901048,-0.015297906181400495,0.0024854061116615796,0.0020075025442200635
2025-04-28,0.00018001671360945437,-0.006048338143015179,-0.0002706029239802335,0.0012437328225959686
2025-04-29,-0.0030060374028755277,-0.006481119976826276,0.003373631515714076,0.005908993128592647
2025-04-30,0.025019860112733383,0.002772734340855258,0.003980124401323999,0.0059988615659532256
2025-05-01,0.001893751208733363,-0.009361922171660512,0.001814881823580768,0.003051471194742299
2025-05-02,-0.012565882949440166,-0.0030940421085311623,0.002038624356103743,0.003422979602560756
2025-05-05,-0.002536594478106835,0.009879598796908994,0.00021880450272170523,0.0032955069420060328
2025-05-06,-0.0019195641123834761,0.002842309118715922,-0.0006186928836577313,0.00622686682955879
2025-05-07,0.19720006321216044,0.0002741347365281285,-0.0004614780816689452,0.005527393675883897
2025-05-08,0.061087532978334025,-0.0240311433084996,-0.0008123580325635636,0.003255184890119713
2025-05-09,0.062347053334889324,-0.01839244271509855,-0.004036606822966362,-0.001575348766368748
2025-05-12,0.07101639120680936,-0.010390909293702616,-0.0009068754522391644,-0.004158119592685942
2025-05-13,-0.02649071796891178,-0.024163880947852875,-0.0060998607559914885,-0.018020537375230596
2025-05-14,-0.02451442415904559,-0.010218412579044711,0.0004568808845356315,-0.006624191078042454
2025-05-15,-0.004154641089668232,-0.01827312120603701,-0.00319818316297779,-0.00467817210731302
2025-05-16,-0.0028154828797859466,-0.008697263009642768,0.00240115511065909,0.0015696574823895048
2025-05-19,-0.0019763776526477983,-0.006714586629335343,0.0022240112179663573,0.009826632535507087
2025-05-20,0.011099871594029587,-0.0019309960217387364,0.0012661929610208512,0.009226554773074038
2025-05-21,0.0428742844419574,-0.0016400122974199046,0.0019088504185537725,-0.0029143399264282928
2025-05-22,-0.05307573119658837,-0.0035842651142261204,0.0019655563239243785,0.007554036343056783
2025-05-23,0.05266757954182388,-0.00732297433368577,0.0013901205178466895,0.0060588592714630705
2025-05-27,0.007162632649870382,-0.004106226563184374,0.001714698057005712,0.009884017770612033
2025-05-28,-0.01864939819501643,-0.01435152400560661,0.0011513400678294758,0.0009165741642601596
2025-05-29,-0.039795749687188575,-0.007944205748229521,0.001556454734969635,0.008084768246032261
2025-05-30,0.030040488459084358,0.0010116503386380727,0.0029478725575129215,0.007983144293230975
2025-06-02,-0.005313910650714071,-0.013058330473242095,0.0018260037483820272,0.0029032408331740108
2025-06-03,0.005906599013369096,-0.004102377974039439,0.001515640182954108,0.005444121476712668
2025-06-04,-0.07659868477592457,-0.013483481657074444,0.0008520235044436851,0.001497139517037366
2025-06-05,0.02489529727580475,-0.005424293615390221,0.00204686010864334,0.0011167302850909864
2025-06-06,0.07925591194873682,-0.0206832513174074,0.0014844222573385912,0.0016500099756497281
2025-06-09,0.048052794989455805,-0.020312106777563205,0.0015691104297696475,0.000952621034012556
2025-06-10,-0.014314884050645738,0.0011280138639083353,0.0023784332598758323,0.005823826696408634
2025-06-11,-0.04488379180962809,-0.0015012187002595796,0.0021253689131323257,0.0004869015784900938
2025-06-12,-0.027646644951976995,0.002631766977189071,0.0009255171030578796,0.0008734146105923771
2025-06-13,-0.015187952881301037,-0.004411107783911077,0.0005688163344146293,-0.001133452853300372
2025-06-16,-0.011816150483902277,-0.01320283668045375,-0.0037377225575144528,-0.011408840523576146
2025-06-17,0.005378312737116531,-0.007417116833718057,0.0007213223530120192,-0.0032349341749440966
2025-06-18,-0.047456864331342885,-0.019136637797704536,0.0021525849280666443,-0.0033088809439381596
2025-06-20,0.0060138361448967,0.004701752837276481,0.0023765623290422306,-0.002084056456321776
2025-06-23,0.01075358692347983,-0.006456372177207925,0.0017991086099860762,0.0042087853301699995
2025-06-24,-0.011792454268337416,-0.006214862274859336,0.002695847601415362,0.00278231317974944
2025-06-25,-0.0013084904486504456,0.0007925281335025712,0.0024530728154361393,0.004229145791435128
2025-06-26,0.003190165117134214,0.0002654478149377148,0.0024658098272023416,0.0015111727879415105
2025-06-27,0.025497588500114077,0.007408575884445227,0.003287168469833101,0.003049933874157663
2025-06-30,-0.032982299378448765,-0.0048750131827934,0.0024466857936893175,0.0017740768362363801
2025-07-01,0.06654592952363814,0.006828426132492882,0.002667324256298509,0.0026964612135219066
2025-07-02,0.007621334375846445,-0.00508074296769213,0.0019611357299818668,0.002813531184898383
2025-07-03,-0.018697057673605855,-0.0048681346401235484,-0.0024937789613946916,-0.007040482598563448
2025-07-07,0.028107853381816206,-0.006437888252131094,-0.0006255555742414129,0.0005946278761507066
2025-07-08,0.05767047437901507,-0.009009283828915794,-0.001281598043757159,0.0026840631004834297
2025-07-09,0.06431827026714032,-0.0018800094543553077,0.0024167759525391503,0.005147404628131571
2025-07-10,0.0010286331862907616,-0.0050003435313738616,0.0007427666434646294,0.0017767932055253505
2025-07-11,0.01857779025207762,0.0056816275605281,3.0254693511767353e-05,-0.007928047468856711
2025-07-14,0.04113496333191691,0.006484784278255304,-0.0014061316112941558,-0.018414303484317097
2025-07-15,0.07117212126317796,0.0020312212146004543,-0.0003235970250276295,-0.004543401045984974
2025-07-16,0.030748073722897118,-0.0061743846343665825,-0.0005754937945356245,-0.005958888679560133
2025-07-17,0.02056263219756005,0.0034014854601013052,-0.0076398430677513725,-0.011848539387235804
2025-07-18,0.05864470540827149,0.002557648961052421,-0.0004522416260359726,0.002740321031424241
2025-07-21,-0.0037872386508901457,-0.0015316710615958828,-0.001432258145010547,-0.0009108056115392901
2025-07-22,-0.032376953724442714,-0.0016686197080761423,0.0004235957074121153,-0.002179713654009371
2025-07-23,0.02134316634962552,-0.007432183501013452,-0.001546926156257394,-0.0038507001143637137
2025-07-24,0.005181053863514862,-0.008088110730089495,-0.0013614052977502678,-0.0016842216140131902
2025-07-25,0.016011359011313786,-0.011499215556778736,-0.0011488383670165583,-0.0017221759815570525
2025-07-28,0.00159059463181066,-0.007385662121262247,-0.0007618072991173371,0.008480046418468353
2025-07-29,0.003879902935024049,-0.006696636257460853,-0.0020225662005593005,-0.0037723602559910823
2025-07-30,-0.029714442554080733,0.0026298544167043737,0.0004781084189657751,0.011396821767886483
2025-07-31,-0.05800920773041618,-0.005308034775437638,-0.007282852866375089,-0.011473875033035963
2025-08-01,0.06401765084938127,-0.010448317554800973,-0.000535809829643845,0.008991496434410232
2025-08-04,-0.029217285611139232,-0.01407325526021802,-0.00522887626719118,0.0022778561559011704
2025-08-05,0.01974379278503058,-0.0159975008714946,0.0015585747824813437,0.010160481851054766
2025-08-06,0.06066555755519154,-0.0060565667850027505,0.0021147835251729055,0.003094443000381377
2025-08-07,0.024110416268246837,-0.013933699512625485,0.0022557275724298526,-0.0053385936698833545
2025-08-08,0.05273111248137141,-0.006042692845705819,0.0018616934391981258,0.0038827296208191965
2025-08-11,0.082596819735965,-0.008841138243100406,0.0021847340531823147,0.009868416683311069
2025-08-12,0.035383497364289695,-0.014676310608220115,0.001586387242518097,0.00588820840467383
2025-08-13,-0.04474079806887232,-0.007942302618563183,0.0014282493327188203,0.008042884950669375
2025-08-14,-0.024072338519639302,-0.007038315963400657,0.0027652074495644807,0.0010245586037460467
2025-08-15,-0.02913293245286752,-0.011499440130384331,0.0022109835014295235,0.0024382066114494163
2025-08-18,-0.057025144152555995,-0.009252035445331873,0.001566889463926967,-0.004361905882130261
2025-08-19,0.062112605525852516,-0.009399112418341533,0.0021958327896099087,0.001294348562582112
2025-08-20,-0.0260108828288228,-0.007715159796438915,0.0017610202001851916,0.001661389999257886
2025-08-21,0.1345301555861269,-0.0035706537770370675,0.00225560703779507,0.004323890842342804
2025-08-22,-0.09967916776159313,-0.014266527338218895,0.001719919560864509,-0.002946761266348933
2025-08-25,0.05070259165713864,0.001176459040221004,0.0020661845964413737,0.002462066156762871
2025-08-26,-0.02131794522245478,-0.020271762607044507,0.0010145745791902338,-0.005606547739597696
2025-08-27,0.0008400507082164665,-0.008107171074103359,0.0010743062953888173,0.0012315122830617168
2025-08-28,-0.03316406815035222,-0.013066483725003014,0.001478792943977969,-0.007178395109048424
2025-08-29,-0.008010413004200245,-0.002842157029084796,0.001474171830206075,-0.005469536998157706
2025-09-02,0.02849484711440553,-0.004404142185173275,0.0010960635788764478,-0.0034217984942923278
2025-09-03,-0.03466862435314688,-0.01170681146608149,0.002169447157131184,-0.0023752258357749544
2025-09-04,0.0019160788545811158,0.002835727151875764,0.0017272873060303958,0.002127276845827747
2025-09-05,0.0002515353275018839,-0.013897883492411934,0.0019230155181538958,0.0012167231120253708
2025-09-08,0.0002249565948098109,-0.001310377769471999,0.0015565840231264614,0.0032122896293542424
2025-09-09,0.00926401259097176,0.0024684440670635376,0.0020936334879436648,0.0024730828894728024
2025-09-10,0.025445771445145482,-0.0017711045219272364,0.0016120402287823979,0.004021387302421413
2025-09-11,0.055375833984928846,0.0014535848899073153,0.0014523585805437174,0.003816746420273261
2025-09-12,-0.04078133325485922,0.0038424091653494344,0.00154983146464386,0.0030382245678824823
2025-09-15,-0.005150591340381538,0.004814890577844435,0.0017147296440846696,0.0014649777382902585
2025-09-16,0.019606174543390864,-0.0003261727185049307,0.0032024159514311245,0.005668105964155907
2025-09-17,-0.0006129935246956819,0.0008565576417934213,0.0023369161283160024,0.0012261072252906866
2025-09-18,-0.02626883369072175,-0.007131638454313143,0.001368035228753781,0.000464830891927532
2025-09-19,-0.06182413544381404,-0.0013620456198037507,0.0019539422007107212,0.002506476069355671
2025-09-22,-0.008932141613724909,0.0026640477133452775,0.0014977336725698562,0.0006156037762525873
2025-09-23,-0.0028933081415409845,0.003660651439525542,0.0019499377925314791,0.0022489523944805813
2025-09-24,-0.07112002669484241,-0.009930055483271538,0.0012394666252343648,0.0033888732823853184
2025-09-25,0.042402417497850564,-0.007045171142046774,0.0014226365260368583,-0.00048453255567912487
2025-09-26,0.04397868676359451,-0.00808798251045682,0.0013466035636908525,0.002205450441120857
2025-09-29,-0.01707125579224744,-0.005033081828830477,0.001845134428320953,0.003441089698264899
2025-09-30,0.048297746813586784,-0.004848351187969555,0.0013308240873929867,0.000663089430595138
2025-10-01,0.03095868109208766,-0.004194188354071549,0.0012467417235561995,0.0003863482601205167
2025-10-02,0.005986331913920395,0.010952116904252822,0.001854396176484486,0.0022392343510694804
2025-10-03,0.03758077863871989,0.006303729368488079,0.0019383145426769876,0.0028935553835847264
2025-10-06,-0.05179439967668742,0.009214289581083534,0.002461549508626049,0.003902053537993841
2025-10-07,0.01703968153797142,0.012405709824443866,0.0023851169150068303,0.0032559343354159284
2025-10-08,-0.03563558115607357,0.007613787553516479,0.002478097815521042,0.002216294869797842
2025-10-09,-0.12831140837959332,0.004215233674694336,0.0019486975221372127,0.0031650708624422048
2025-10-10,0.09959640905890232,0.004299645883046307,0.002068209091635894,0.005580071269743467
2025-10-13,-0.028686087571136554,-0.0075568467831967365,0.0011968815983586718,-0.000792516279966434
2025-10-14,-0.03401161563733801,0.001508520681776446,0.0019333124870272093,-0.00017944110950200107
2025-10-15,-0.023523683730591216,0.006488958745758492,0.0012241084095933757,-0.0005268148284082663
2025-10-16,-0.016097936733144635,0.00012287314476316772,0.003092208180885887,-0.003313120221233894
2025-10-17,0.037940135625632365,0.01722885467863533,0.002388135425026333,0.006549673653677667
2025-10-20,-0.026471993284264528,-0.0048850941680369025,0.003515103361129436,0.0005405830491697607
2025-10-21,-0.01786458953439407,0.009320481616212416,0.0022525484590022473,0.005175474633460065
2025-10-22,0.012500977883110664,0.006971959103242485,0.0016261702533609474,0.008157105633850519
2025-10-23,0.020163720301495047,0.0019467317581218042,0.0023059054733318794,0.004134022499588253
2025-10-24,0.04608185664916142,0.010274148210172024,0.003841991571693101,0.007080988138580698
2025-10-27,-0.03403267878386096,0.0026641165320320207,0.0016467674352666894,0.006798561092231142
2025-10-28,-0.02001417849256626,-0.007185728974780877,0.0017438109827230877,0.0038574220106249446
2025-10-29,-0.025684149923014488,-0.0019846722726679965,0.0023669342510795584,0.0036292737577967946
2025-10-30,0.011162718308131758,0.00017787123996804155,0.0015140176785331469,0.004839254750553581
2025-10-31,-0.0657397223204832,0.00019438440419958236,0.0015304915263881875,0.007849809637753743
2025-11-03,-0.08990501013567176,-0.004303337621065369,0.001921553129015777,0.0002635574703727712
2025-11-04,0.039481668810072534,0.009301987613179828,0.0011832469053314465,0.003964864312937228
2025-11-05,-0.033521363669855475,-0.0036566674362086887,0.002378931651286605,0.001035019080136759
2025-11-06,0.03647448115981611,0.0014154545532345628,0.0026648894637041876,0.002684488590004405
2025-11-07,0.03802956263631785,-0.004120459221669052,0.002350710602215638,0.0018582006698504227
2025-11-10,-0.04387398640993112,-0.007999126956190046,0.0012288433419888642,-0.004649312391801586
2025-11-11,-0.0006408517068141606,0.004874239689403397,0.0020783846975012564,-0.0013948003144242504
2025-11-12,-0.05428392280984795,-0.006952702352090495,0.0015159573224782699,5.284944675170537e-05
2025-11-13,-0.040712816183601674,-0.009055472863747114,0.0022631191829437483,0.0029153275468948446
2025-11-14,-0.025863918998439317,-0.006036709827546702,0.0024883678474326805,0.0038441092439804527
2025-11-17,0.0320287321061965,-0.009012257673943024,0.001633837099111017,0.004155538161685627
2025-11-18,-0.03251421900082363,0.00030712373271552353,0.00231408991597169,0.004484759680373103
2025-11-19,-0.06536849882670825,0.010232213002573012,0.0032257348714034473,0.0053086812874587825
2025-11-20,-0.023611152385790035,0.0070559738870456705,0.0023036674892696835,0.004213951455492181
2025-11-21,0.0654310520520891,0.003400966443222937,0.00295336408238994,0.011158947972062712
2025-11-24,0.0017672851723711247,-0.009875096052378882,0.0024722145314701963,0.006318168855619226
2025-11-25,0.023348428095093965,-0.0013056117307057114,0.0023251959780356125,0.004216881491598544
2025-11-26,0.001482622486500773,0.0011336531878602275,0.001921361022775809,0.005057718083653653
2025-11-28,-0.07963597047014126,0.002079169339668335,0.0016991285883224232,0.018156811850520132
2025-12-01,0.06823838280892502,0.006271124166711095,0.0023032432303529073,0.003926106888775003
2025-12-02,0.06258823046337803,-0.009677446975759948,0.0017210456428730552,0.0031689865002595065
2025-12-03,-0.01810241754529862,-0.0036727406733684962,0.0027862556496716694,0.007961988423802488
2025-12-04,-0.03568750802814691,0.013200415510733985,0.0025754375973023468,0.009349565478568325
2025-12-05,0.03277405050920734,0.013685278135177961,0.0023758785156180575,0.011463254839065322
2025-12-08,0.06080292642241858,0.014063043702141656,0.0031282339324902497,0.005657712518407076
2025-12-09,0.00128643459752098,-0.001977849492391031,0.002992886264093918,0.005124243495821252
2025-12-10,-0.026922453488486653,0.010070664944582914,0.0037406722482761223,0.006495900376928899
2025-12-11,-0.048381125268667446,0.006369015566205976,0.003414026066805162,0.007036478877796814
2025-12-12,-0.03968194081934051,0.014040135239806928,0.0024322868586637205,0.004110669121204569
2025-12-15,-7.412721689803448e-07,0.005392582291357023,0.002657964347159585,0.006802268692474148
2025-12-16,-0.0458281928487585,0.013919822847678757,0.0032794259122738752,0.0076406695648578785
2025-12-17,-0.001532029495364462,0.008127831943677964,0.002503418258750876,0.0016284006432984593
2025-12-18,0.052001578061391385,0.024927358131832153,0.003159500171600127,0.00894772456368406
2025-12-19,0.009392722352574268,0.008106261049154568,0.0027456378392342086,0.005479843632386314
2025-12-22,-0.014306326840174854,0.01596617580738381,0.0037976217046729755,0.007864590721124559
2025-12-23,-0.006019159755460635,0.014998327422854812,0.0030735973886549194,0.007427919186999569
2025-12-24,-0.006759976148830837,0.01836162011695849,0.0028852092124265066,0.004837014908266296
2025-12-26,0.0030007867550727596,0.0025508481508703176,0.0024304694500586884,0.003356560819256325
2025-12-29,0.01248871581338662,0.010515173458665315,0.0020345437189892776,0.003866681327292446
2025-12-30,-0.0014748454494988295,0.001815500749202238,0.00142158077662727,0.004395699971167382
2025-12-31,0.0516854873202357,0.04017259795896116,0.003746140000459095,0.006885098380616345
2026-01-02,0.03203389100866261,0.022276843863137104,0.0032684696858724448,0.004567792685494673
2026-01-05,0.021410072765533528,0.03201063043503683,0.0042371988657752,0.0043065830134999235
2026-01-06,-0.03995795774607025,0.020635208079427588,0.0038805202945063812,0.006152292283970613
2026-01-07,-0.01992066167814066,0.031074586367284322,0.003246249125526968,0.005407341334603944
2026-01-08,-0.006896412519136419,0.007627530800367229,0.0022796206935627224,0.006569868996056266
2026-01-09,0.003004866000161144,0.013606325237085007,0.0019276210529526727,0.0037657700298214464
2026-01-12,0.07167244785080484,0.023864702823242677,0.002506015794672825,0.0049562539104206745
2026-01-13,0.009773355035413545,0.020288445527193104,0.0027197002752033655,0.003756343075247138
2026-01-14,-0.011277796531709683,0.008944368226094486,0.0027286574938458594,0.004845630413321393
2026-01-15,-0.00653881124278044,0.0109648641320822,0.0027978965356809343,0.006610535738001998
2026-01-16,-0.11563868567538815,0.014334253486982699,0.0029285259867660542,0.008684976590117069
2026-01-20,0.014640674097217143,0.02799260305685349,0.0023145470643049348,-0.0014303990175478024
2026-01-21,-0.009873624051331298,0.015442459360347905,0.0024760526036954134,0.008165948345900263
2026-01-22,0.0012275504187737596,0.0009227710185729175,0.003659015671816838,-0.007105690920449354
2026-01-23,-0.009115921224135626,0.007475046336238381,0.0036050401501681573,-0.001875266346980524
2026-01-26,0.03219617504335215,-0.0005578914001716586,0.003006973111425547,-0.006933498789707446
2026-01-27,-0.005176321307196474,0.023079135130713056,0.003440694555474819,-0.0005336217532097031
2026-01-28,-0.06470236643237826,-0.0003732191462893673,0.00379850362342873,0.00011120254924185365
2026-01-29,-0.04197886796827177,0.023768448739989182,0.003941573970662686,-0.006428444996276
2026-01-30,-0.14212007492918133,0.04621788572364323,0.003864487998238834,0.004514297155952087
2026-02-02,-0.05110473707553709,0.026157382136906545,0.01365249742766837,0.010216975063257323
2026-02-03,-0.038464351008656195,0.043886254953875076,0.002579762554480708,-0.011837666838842728
2026-02-04,-0.1626810863573631,0.057212646930252305,0.002050830234884416,0.0029441115831464063
2026-02-05,0.1245879324337773,0.07520988111682142,0.00627594367489041,0.016749096187105992
2026-02-06,0.01928598386126623,0.0037219784091751815,-0.004543216324033595,-0.006134797524971671
2026-02-09,-0.04078608660125571,0.011621063850296607,-0.027868115724445475,-0.03290633868563093
2026-02-10,-0.039840487597891716,0.037384870053927204,0.003765745876029231,0.014791549470541435
2026-02-11,0.003251056309531819,0.005875108755673522,0.0023875043908201006,-0.00848305610976721
2026-02-12,0.05086191072713575,0.015282284018741873,0.004254657438708921,0.004654911835467178
2026-02-13,-0.02788445349182833,0.0017396514969462212,0.001388389642072053,0.0035621456744953342
2026-02-17,-0.019371403139241572,0.031048049206139967,0.004558994177234959,0.004177013009312014
2026-02-18,-0.0029589012528692393,0.014415646807154863,0.003164314665950396,0.00658960105371648
2026-02-19,0.010630736664790419,0.012632907735804692,0.002270380342944841,0.004218624952085517
2026-02-20,-0.0593814302283695,0.0033492674002498298,0.0018696028315149538,0.005595897274330393
2026-02-23,-0.0013662367634115213,0.009048403775350346,0.0008986806047217585,-0.0018327458068382676
2026-02-24,0.10330529755605333,-0.0024121519326804714,0.002404158239884956,0.01012020818442614
2026-02-25,-0.01364023065230846,-0.0049815922016935325,0.0012789762802491425,0.0020899058187242637
2026-02-26,-0.04853988358482031,0.010456912098180796,0.002402991849996453,0.005460901138919776
